id,predict_label
ef35e7a1-766f-4455-b349-09084a1f56ba,no
85aac4aa-e53c-4d01-bdcf-e8b27a2cd9bc,intrinsic
cd056e1b-51f6-4adf-939c-e742645437bf,no
6cc80aa4-44db-4366-8cb6-16453aa8ecbf,intrinsic
948849cb-0c83-4dc1-b5ae-aaa585a8d528,intrinsic
ac4bb2b6-5a6c-41e9-af82-059cd05c757f,extrinsic
70edcfef-a1ff-4e0d-a7ed-06903f78bddb,intrinsic
cb9bb593-123e-44a6-8470-684e1f6f5a91,no
f1f98140-1a32-4364-9ecf-8613b21d6301,no
681ad3ef-40d8-432d-a785-326687b3e0a2,extrinsic
2414777b-ee45-485a-93dd-ad836fe7b2e5,no
38512c11-3053-41b1-85e6-c71d30bfb052,extrinsic
c3f7b2c5-2bfe-43ff-b174-fa964c4a10f7,extrinsic
b92d4a02-6d28-45f3-bd74-ad791ca812ad,extrinsic
3ab8ad4b-08ba-47c1-a528-c7853c6fc1e3,extrinsic
972d6eb5-d0d6-412e-a2f1-9684d6043aa4,no
e3eaf887-bdae-409c-9eca-73a0c312632a,intrinsic
37f0e8cd-c00d-4b30-9c6e-0fc1931afc61,no
73314787-848f-423e-af19-78d0e86938fb,intrinsic
37c97670-bf9b-4ddd-b450-a9150bf00328,extrinsic
a11233d9-5ffe-4694-a21b-938b8243e8fc,extrinsic
b15b9bb9-84b5-41d8-beac-43376d807823,extrinsic
5dea7ec2-2a8c-425f-b299-dbf0a8dca8a6,extrinsic
240f514e-a5ad-441f-b443-315ad09cf1d7,intrinsic
ebcfbb4c-8d88-4b7a-99f9-8fb033acd1ef,extrinsic
c1ae2455-05c8-47e3-bfa1-1f1a66ec7e9d,intrinsic
50fbc7a0-124c-4eeb-b5e4-78339314eef1,no
7923d1cd-8ec1-4860-9009-89cf48b15beb,extrinsic
c8f77844-d0c5-44f7-8926-646fa8097703,intrinsic
4a30c070-ac21-4432-94ae-0ac778f37982,extrinsic
54cd2cb9-ff1a-4dbf-928c-babf065f8664,no
bb4ff75a-461b-4843-ab56-ee000781fcd3,no
a7a79883-f042-44a5-9a3a-9181caa5113c,intrinsic
db621a38-fd23-4a98-97d1-5f7e37d5bcd5,extrinsic
a7e11050-1f7a-4d13-adc1-20247a0bcef6,no
74726714-41f2-4948-9cc9-b01731d663de,intrinsic
56576b55-67f3-40a5-9eaa-52ed855c7b41,no
e599238e-0fba-4225-92b9-9823fb4b98b4,intrinsic
ca7ddabb-c4ce-48d3-a653-8fd31258f532,intrinsic
16ad0c8c-218a-4b77-975f-81be21d61460,no
89b9889c-e06e-41bf-ade5-61c9701fee37,no
3cf0e6bb-0bdd-40a6-b91e-cdcd92f0f10d,no
63b53a04-1934-4077-bfce-5da9c5efc24e,intrinsic
1f648a7f-d656-462b-84f3-0dcc7af15fab,intrinsic
7ad6b02d-ec91-4369-a9de-e05eb24cea58,no
b85a0468-b43e-423d-89f8-24dbbacb26d5,intrinsic
fba58b12-8e87-4f32-bfcc-a544623d67e3,intrinsic
22d6b6da-30a4-49dc-9215-d296bf605c9f,extrinsic
345f8a38-a671-4ba0-8002-69ec6c48ffb9,intrinsic
ae9cb661-d85d-4953-a7c8-760584b0f272,extrinsic
0468ded3-907e-4fba-9098-f706f468e733,no
6da9f1e6-8073-40f3-956f-01697939c5bc,intrinsic
f6486f4f-dcfe-43ef-a4cc-c64c8bf7921d,no
e7baa793-36ce-4ed0-a108-e28b0113ea3b,no
018cc4f2-02fa-4fc2-9c60-f6d603113679,intrinsic
59218c91-885b-4f94-9bb9-2a551ca60703,extrinsic
b1c4bef5-135b-4d8e-9298-fa7a3c697305,extrinsic
1721ccf6-7fe9-4858-8bc0-93354e0218cf,no
0cbac74a-5294-4489-822f-3f777ce410b4,extrinsic
5ac9a6de-72a8-4488-9fba-f1fe54509dae,intrinsic
84063fa1-9169-458d-9442-2d959ca8cde2,extrinsic
036c42e2-b52a-4af1-9c60-85299f014993,no
7c4edd19-c52d-4f9f-9da7-dd44d444a0b3,no
b331ea20-42c9-44d0-b18e-c4a613ad2521,no
03ab9f85-646e-4cc8-8147-3ebf17cf8065,extrinsic
bbd88b5d-3a86-4205-91d3-583b458a5248,extrinsic
cc589b75-3ba5-47d5-bc12-f612729d2e95,intrinsic
0b78143e-f547-47ef-8865-e8efa8fa8047,extrinsic
3ca07882-ae86-4574-bccc-161a28cb404c,intrinsic
0baaafbb-b6ae-4e40-a49c-4260a9af5524,intrinsic
58cf76c1-435d-4c90-85e9-9734bee59d5f,no
b5f1fa4e-3724-419a-b443-980b5239b34c,no
c832bedc-c942-4ddc-a24f-c41d7b714ead,extrinsic
c3730ea9-4404-42e5-9ffa-694cc013c0c4,extrinsic
9a89bcd8-2ff9-47b4-ac64-e242215b9aeb,no
fe67a3a8-c077-405e-9515-1d947a530db7,intrinsic
015a0078-6e1c-45d0-823e-1acb883d77b7,extrinsic
a6951449-8fb2-404e-bd5d-837c3c58a7c1,extrinsic
dc7f2f33-ac49-476a-b8bf-a10066469d7e,intrinsic
1cecd0c0-4d5d-4ae4-9aff-fff48a3914d3,no
c406f8a1-8d82-47ff-bec2-0c021a5510dc,extrinsic
72adb292-b7a1-4987-b53f-31bc1b510897,no
6c499a21-f174-4c5f-8e3c-3ff2bfb47e14,no
a02a0ff9-47b4-4001-955f-6d181ca717c2,intrinsic
77ba2f48-4c27-4c38-98f2-89fd1288fe29,intrinsic
ec5c6cdf-1cf9-454f-a75a-8336784a6643,extrinsic
dbe35a1e-77dd-4995-8e7a-4d004b0976c0,intrinsic
bcb6cdd2-3d35-4d0d-b8dd-ffa8b500518f,extrinsic
8bcdc88f-f898-4d23-8c4a-26681739fa56,intrinsic
99aa2c4b-df7a-4ecb-b2b1-0930a0c30004,extrinsic
77360f3f-ae04-4a1d-ae29-c9471d1a0f5d,extrinsic
de3181ac-4d10-41aa-b1c7-ff9eb8e04115,extrinsic
e2a0776c-f98a-451d-b43a-5a0f2ca47b83,extrinsic
48aab1ad-d2a9-4de1-b827-9b95e9603b09,no
e68d5f54-e94b-4f6f-adc2-78c5c2e5cf64,extrinsic
e32002d0-1a0f-4fbd-a66e-a849b3e52b9a,extrinsic
537265cf-0a4b-4bf7-8ce3-1c209c8fabd2,extrinsic
5e4ab239-1223-4839-a616-db3ca993ee9c,intrinsic
2e634fc9-c01b-402a-9a8a-9a2d2584015b,no
17a12821-3d48-4a8a-88fa-4a5b5c35be4f,intrinsic
ecc2ea60-7904-47ad-b38d-cc195ebdcd0f,intrinsic
229fb312-965b-47ca-96e8-2068bb5a78d0,extrinsic
c8d39070-b2eb-4fd3-9070-6d050a474a3c,intrinsic
87cd8218-1dbc-40c4-bc03-bccca13d673c,no
5d0267e1-bd24-4cd5-be1c-586288f15cc3,no
c667256a-335d-454a-b17c-9b4128bf372b,no
0fc81083-96dc-4f3e-8df1-6ef35bf8e4b6,no
702e8458-caad-4155-bbf5-215a454ca7fe,extrinsic
d8bfeaa4-0aa5-4500-b24a-59a7066acaa3,extrinsic
efadfcd0-182e-489b-baa5-4fd469b8e7a2,no
28b4cbf2-e8d1-45b9-bb8e-08ac6578f9e6,intrinsic
251046fb-d367-43da-b907-63bd8c4bead4,intrinsic
e15747b8-724a-4a0c-a155-4e8f09b8658b,no
5c41848f-7a7f-46e0-8b72-7c1f837a7dc1,extrinsic
d0057690-7954-4751-882b-249c6239ec92,no
48bf9c27-afd9-4338-8281-86bcfafb980d,no
51f65eb8-1cec-493b-b48d-1a5d1a37c457,extrinsic
f97fbf49-7f6d-4046-a3f7-7285b5280e64,extrinsic
2963515e-58be-4ae7-b7cc-2db4a3411ae6,extrinsic
b898def4-5343-46c3-aa89-f173cde13bc0,extrinsic
6a440bbb-1934-4428-9a08-dd7b4902780d,intrinsic
8507ea7f-a869-49c7-8781-e3cdc551b8f0,no
35dc5166-c5b4-4dc6-851d-53dbedbeabd6,extrinsic
5cc12470-399c-4a8a-84ae-0da6f62a2bb8,extrinsic
4dcfba0b-8e73-4582-bae1-e13bf261b81b,extrinsic
4fb4c7e0-9801-49d0-b4d1-d77365e2c395,intrinsic
5f298d5c-a5a8-44ec-b28b-fa1ecb28be11,intrinsic
2d4906df-678a-4912-89c1-1a92a4544668,extrinsic
7130f177-6329-438a-adaa-0e81de68e14d,no
5ef2caa0-b721-4418-b577-b183da52c1f4,no
d7220a64-50ef-4632-9716-fc1d2b85399c,intrinsic
25810272-ed50-4be9-8b57-a8e8df707e5b,extrinsic
b8d059df-0a0c-4ee3-b3dd-c2ce9069da55,intrinsic
9a44ffb7-8756-414e-8a1d-987e0f2a743a,no
3cf010a1-d1fa-41e9-9cc1-59088c625420,intrinsic
0b8e65b7-8bb3-42d7-ab09-dfa996eb5baf,intrinsic
b9f67453-2f68-4093-84a7-486f5c1e8d22,intrinsic
f49121c4-8662-4a1d-a7a1-a66ac327d5d5,intrinsic
5adad96d-9ee8-470a-86ad-0eb83c64b73b,extrinsic
bfad8950-007c-46f5-83c2-cac1ed9f8970,extrinsic
ed5b8d8e-8c54-4563-bc82-a9fdb7ee5c96,intrinsic
757901f3-ee07-404b-a7b5-d781a588dd80,intrinsic
0ca7971e-0e35-4c4f-87fb-438291a128e7,intrinsic
26ff951c-ac68-4a3b-b7a9-cf43165c1b2e,extrinsic
b5371b6c-0dfb-49e4-af6d-45ced9fb14b5,extrinsic
e639781f-eee2-4ae7-a173-b6f62aaa065e,extrinsic
808defca-59e4-4b71-ac66-853e8ef54d61,intrinsic
a3733730-73b2-4bfd-8bd7-ac11ab02ac82,no
5383f831-4507-4e06-a10f-0cd77aafbcdc,intrinsic
e6714a4f-3e7b-4467-85d9-c4c437446d6f,no
c7394c15-d199-41f6-a958-df5e065a4b2f,intrinsic
9df37c43-478e-4305-bd6c-8bfd692e9359,extrinsic
f762579b-d76b-4f17-89d5-9bff7984acb0,extrinsic
98ccc2d0-609f-4680-833a-4749c149c055,extrinsic
5045e974-f2c4-4d2b-91d0-87b71ff48c64,intrinsic
1aade9c9-a3ee-4ffc-a8cb-15f23b798c07,extrinsic
82169b9d-3e9e-45bf-b2e2-3689368dbc7b,extrinsic
5502c0a0-c9a2-45ea-bf0c-f2097d994a53,no
d0f3ee85-8cd4-4e33-a55e-e6cfbfa2ad57,intrinsic
e55ba172-2399-482c-bfd9-f1a010814be7,intrinsic
1ccaf55c-4bdd-49a0-b62c-b54e461b784d,intrinsic
ed90e2dd-ad6a-4369-bc1f-4fa1d7afb8fc,intrinsic
b1ca7aa3-cc38-413d-a315-aca247c1f995,extrinsic
df8fef12-4adc-41ef-a994-0e8676c8ba4e,intrinsic
5e69e6c3-b13c-4211-8069-c04a7bb09a02,no
ed163c71-561f-4982-8352-8b747d36b65b,extrinsic
ed189333-4222-4d52-9b4d-fed5cef3e0d8,no
5c27c57b-c7a4-43e3-a4cd-204dcb3d8885,no
5ea8538b-0bae-4d64-9a2b-911b940e8d19,extrinsic
e816aef1-0f3d-4dec-8ac2-d3b67df828fc,extrinsic
561dcf33-184a-4791-b333-ecf9f1fe2338,extrinsic
be7b0436-ada1-4cb2-9ccd-ecdfbdf2c690,intrinsic
d98129be-6554-42fa-8fca-c7997cb6311a,extrinsic
5db75cc2-1b0b-4d98-85a7-a59c32aa7a77,no
ed7f34cf-be31-45ad-a720-b4c0fad6d4b6,extrinsic
1822449b-9ef4-4454-9d69-ea8eb677e0c2,no
5e808ee9-1a4b-4552-b19a-d3f12ea5ba6c,no
b8ca5299-0083-45f5-94b9-5ee9d6e99149,extrinsic
0b15e0e7-f9d1-4179-a978-9a5b43f9081e,extrinsic
78136d1d-f3ae-4bed-b619-9576b36d5447,no
f8795166-b951-4f07-ae04-3541cdf3ddce,no
7209dfa5-7873-4c95-a1c3-0359522dc9d6,no
9db86279-cf8b-47db-8ba0-4e26ee237dbd,intrinsic
23fd6457-e056-4d1e-b66e-b4a6f76f7e90,intrinsic
28f5dac3-aded-4b72-a742-5282f56601b0,intrinsic
c70b8b44-5ed9-4b73-a271-983b1b07c648,no
7759f533-fba9-4972-9f16-62e0cc5eecd1,intrinsic
606e827a-7547-4a62-a448-a6c59cc6032e,extrinsic
3fb4a502-4f7e-48ad-8d40-20645b65fe46,intrinsic
2b810348-bed1-4a67-af5c-d920243a776d,intrinsic
ec9637a1-486d-40b8-8b17-c881e6393005,intrinsic
0cddc0ab-7333-4abe-a0b9-5243aafb955a,intrinsic
3218be57-5382-47ef-8594-246e91c8dc7c,intrinsic
a12fe890-5cee-45d0-accc-e66d323f5a0d,no
a5a2d978-30e0-41a2-8b5e-6ed6a939ffa9,extrinsic
c1cbb10d-498b-4a94-9cfe-efd6b087f0c9,no
7c1cba74-08d1-4136-ad67-121cb6fd2707,extrinsic
fa360fbb-0ceb-4a92-a250-a88128d6e303,no
3f4295f2-3569-47a1-b3c1-c28cfdf2b4eb,intrinsic
5953f9de-b31c-4295-b4e8-72507eec622b,intrinsic
cd811169-bc57-4d01-b35b-1233716fcbfe,extrinsic
038a7cab-5a8d-4dfa-b39c-42db1f5d6254,no
ae3026ff-1f29-4656-b507-34d917b80853,intrinsic
8f55b170-3f90-4ba9-b75f-51c82d333629,no
f8e0dd79-f82c-4fa8-bf3c-2c957231ab5b,no
5f11dceb-22f8-46d1-9cd9-c3fd515811f4,no
62c5f8e6-abb3-47ec-9e6a-203c1ed95a56,intrinsic
e9d1fafe-b11f-431c-851b-bf0bf103ff1a,no
b64258d1-682a-4b07-b886-37b944831467,intrinsic
6e098dfd-30d9-4452-a44a-59605c011295,no
b6c0933e-ffe8-4380-abd8-c1769da9af05,no
17b2a200-b34a-42fc-85d5-f00ce2ecc5dd,extrinsic
391ac869-c4bb-4955-8d3c-dde7ac6ca81c,extrinsic
d2daa863-022d-4134-a199-80e5e8ff9f24,no
02332e2f-061e-4869-a3a6-fb018b56d37c,intrinsic
3edfc09e-30e4-4241-a0c0-71da977604a6,no
aba02d31-023e-4cc6-b2b2-0d5b28486e19,extrinsic
f691586a-6904-4054-a8be-3e83af4b8974,no
bfcb29c4-13e8-454f-8074-139e3b79f3d0,extrinsic
716f767f-7edc-42d4-9687-67de2592c344,no
3f7ae562-c6b1-45e2-a864-9d4d7325e313,extrinsic
9e8c3371-02df-4e6f-a915-ab1bde89672d,extrinsic
8f5716ac-76ea-46e3-b306-80c956b6500a,extrinsic
82f842a0-2414-4346-a5ff-e6fcc7fab2b9,no
5f04b0b6-6900-4f76-b2e1-bc029c319986,no
66d3d921-a287-47e6-863f-1e4676588aec,no
b27f8882-580a-4d4d-a9db-871500dcd60a,intrinsic
72dbdcae-4462-44c2-8db1-4580f35dcf9e,no
214ff513-e61a-477e-b6c8-d82ca9820960,intrinsic
fe176c7e-71d1-46c3-9a59-cb8522b160dc,no
c5f3c48b-80f9-437c-839e-b188430a63f8,extrinsic
625e3af3-85ab-4460-b2b2-50441add89b1,no
a8a538f7-5031-4a98-9ad6-47a4c43f4603,intrinsic
9336522d-4998-4c76-b00c-e97e0b2720f9,intrinsic
d0c4f572-3ae8-47e9-89d4-151bbb3fc57b,extrinsic
e5ee4e12-e7f6-4d89-8bbf-2694ffd7efd4,no
7ddaec99-2aa6-493e-8ad2-7c395b27fca5,extrinsic
22de3e6b-a02a-4720-a79b-e3b7361e7ad3,extrinsic
00a1112d-5476-4afa-960f-1f208a49e0f6,extrinsic
ec14d4e9-4567-437c-8078-f6d485ddb16c,extrinsic
7365d64e-2ff4-48d4-92aa-46184e99c8d0,extrinsic
7ddf44c0-d749-4d6d-ac75-a35235efbf26,no
5e1b2106-0b2c-444d-8b4a-2f9842255b71,extrinsic
8e6280b9-3445-4929-83c7-92c25342f3b6,no
b8d08b76-4d9b-4e48-b949-8eb2d85ffc5d,intrinsic
c3976b84-0e6e-424d-89a1-75a30a980586,intrinsic
df080963-3638-433d-8414-4de11ff86f94,no
90c7272d-ef37-44a2-8cbd-9bd01904c7a4,no
156473b3-eb0b-4710-b1fa-0cba2b039971,no
b0266259-aac8-4264-af2c-6ae22d0f3571,no
4bd249a4-3882-44a6-ad4c-587be59fab98,intrinsic
fbfc6b49-475d-48f5-86a9-00e414f2cc32,extrinsic
24a21b56-b7de-4355-9eaa-451565cb29c5,no
6a4884d3-e84d-48d4-acd6-b964d7c73bc1,no
3161daba-a022-4c93-81dc-06540dde64dc,no
f4f92bd5-cb95-49fd-825b-1524a4d47bcb,intrinsic
0b98feaf-6558-4d3a-9ed4-d157a6652ef4,intrinsic
b289c65b-825a-4731-9808-c27471e855db,extrinsic
2d7bd7b9-b039-405c-b1b8-6cedee5158ad,extrinsic
fa94484d-ff78-486e-b18e-f0d181655a40,intrinsic
e557b620-ecf6-42f2-bc00-01c518be8eb7,extrinsic
cb82d3ce-435b-4e65-bd92-2c7b72778cab,intrinsic
168efa6c-6aec-46d5-9c75-5e959d3d87ca,no
888f869e-4089-49f6-ab9d-0a0beef77983,no
dd1a557b-9ace-4063-821d-8ef2febb9993,extrinsic
e8da04a6-e679-4927-9aac-ada45f6265ef,no
909f7413-bb9f-4eff-a1c8-9b253dd4c921,intrinsic
eb7d6e71-8e7a-4b0a-a965-d1492b3f517c,intrinsic
445373ad-7502-4a66-82f8-2b4d2b949426,extrinsic
9de2f9ed-20ae-41d9-9792-3ce57266d4a1,no
a6db05c8-5c39-4d6c-9b5e-c10b07599108,no
c6b5ecb3-8eab-480d-9986-6a25aa070be9,no
63685902-4eae-481e-8b60-28eebfb50580,intrinsic
3cdee842-456a-45db-bbc4-c78c6992037e,no
c8b9096f-e27c-441c-8483-1b0e5e505a19,intrinsic
f1a34c0b-c3c9-4da5-81ed-a1550c71ac6d,no
501cc3f2-2df3-4479-8f90-d87cd6da2341,no
d55ffcf1-9313-45eb-86bc-6f39432ab7a8,extrinsic
a0f219be-9f26-4147-8430-f095dcf15f01,intrinsic
5bde68de-f79a-41be-9dc0-514be0783487,no
693ff163-013c-4ba8-bf0a-2095522ff9bd,no
614f1467-b737-4a8d-9583-97e8cb617ee5,intrinsic
11c6e713-ef63-4224-932c-0b79c5bbbb30,no
27a29074-6441-490d-a956-b60d55648217,intrinsic
0cffecec-9666-49d8-975a-8b6113381c4d,extrinsic
e4dfb7ee-6f58-4590-aa6b-40c2761342bf,intrinsic
64d16540-9970-4e82-a500-66b231607087,extrinsic
33ec5cee-0911-43f8-b02f-4370f095012b,no
2b2b3a4f-a87d-44b8-9b0a-96abb49e717e,intrinsic
ec72bcbd-ae97-46a3-a276-803580c869cb,extrinsic
2375bf10-5302-4866-a1c5-c1343ec88996,no
71168752-9451-4c6e-af78-bbe6b39abc6a,extrinsic
b6912031-5563-4b50-a923-b1aa87725489,extrinsic
f03ce43c-fae6-42a2-8477-55f166089c78,extrinsic
cb2c8b07-d297-4a3f-b90a-1f1418c70a01,extrinsic
2a6a45ae-6252-48a6-baa5-eba03de2ed20,no
98536e29-faa1-4c7a-9160-cd873068da46,no
ff5438f1-4987-41d1-aa30-3902190b16b8,intrinsic
76cb6caa-b94d-4116-97c1-a5a43bfd56fb,intrinsic
24c8d368-63c6-488b-ad8e-ccf377f4d133,intrinsic
c8cd0b12-36d5-4a98-8d63-bda8a4bda1e4,intrinsic
710b0060-4066-449b-96fe-43ca16425cd4,intrinsic
76d9a8af-c697-44a8-a117-9b53d7d58453,no
fbcbb339-04be-4004-84d0-034b14afc026,intrinsic
d06643ce-5537-49fc-8a87-c07a2d656d12,extrinsic
284d3d7d-76f3-46e9-8a1f-27897ae65e06,intrinsic
e8d49a3b-c91d-4177-a63d-b24fce2ccb96,no
d2a6e98b-a918-4bf1-b3be-e5d9015fe28f,intrinsic
7d9f6b5d-e087-4046-a05f-a6e6a38d8de3,intrinsic
25860af7-62e3-47a9-b7e9-40e0e7a1b71a,intrinsic
3cfe7ca0-4367-48f1-b7a3-3a819be4fe27,extrinsic
a64293cc-0372-401c-a87f-4765b7bec052,no
477d4401-92e8-431a-8b7c-a4fd7b133241,extrinsic
f31faf35-ee5b-464e-90b5-8e6643424d4c,no
16991807-3fbb-4727-b159-5547240c9924,no
e4a290de-7779-4c6e-ab88-9135e9f95527,extrinsic
49f2ec2a-fbfc-4a08-bfb2-08cda44ffadb,intrinsic
8bde8b2c-6953-4130-80ed-ea499bfc492b,intrinsic
7fe71e7b-421c-4f1a-af12-e109486915e4,no
6ee33b82-5e5c-4d1b-b05a-91279ba51d5f,no
bdb220af-815e-443c-8b3c-071c648e98ac,intrinsic
08ebc966-4104-4fbd-a21d-5fa8ab4fd835,no
38c30734-d64e-4dae-a82f-1fa0afc1ede8,extrinsic
52015361-9755-4aee-b071-676f2390e04f,no
e5c20e64-02ab-4d48-bae2-7673cadaa268,intrinsic
9fd018e5-d7b8-42ef-8f51-bba78de19b17,extrinsic
0e7c2d47-7ce9-460b-a4fa-ad0a5b2dc7ff,intrinsic
2894526a-0182-4a32-97e7-8752f5e45387,intrinsic
2b42da7c-03b8-41db-9436-a633d0b0d221,intrinsic
37c9b468-fab7-47ad-9033-b6be678ffb48,extrinsic
831063ce-dd00-4ed6-9f75-ce33368b7ecc,no
e29bf1a5-e712-443d-8b18-bed6be5cb63e,no
7f19217e-5e7d-4ce6-b110-30df135a297e,intrinsic
224f7883-7e55-4bab-9248-4008e4dbe13e,intrinsic
f2113f8e-8bfd-42b7-89f5-2f16617b5a3d,no
a8df328d-a35e-4f7d-9f95-69fdfab2eb2d,extrinsic
959fa2d6-28e0-4400-ab9f-80c60c364c3d,no
211bd834-d07e-4e63-add9-fee4f77a7604,intrinsic
3033a5de-9834-4446-8147-4997ae4c931f,no
036ae86e-1e87-40dd-ad50-5095062bddad,intrinsic
4aa8b6e1-6ae7-4022-9e7f-ff3a1c33b425,no
eedf2e60-1f60-4df5-aacd-121c95ae3499,extrinsic
a0ad29ea-ad08-45a8-956f-20179c774cb3,extrinsic
0e1c5ff6-5ddd-4781-be78-18ad484ce69f,extrinsic
0105439a-854d-4a46-8944-49ab889821d6,intrinsic
3a3d87a6-115e-424e-bfcc-ea77f5e30ecb,no
c3a65462-7d90-4412-8e0f-426ea4223e91,no
b132ba8f-739f-40f0-9d7e-4fefbd470bcd,extrinsic
fddaf50b-84d2-45e6-a923-4afeef9c69c8,no
16ffdc62-2e1b-4187-8c35-aabb716138a9,no
d52a15d4-e7a9-44f3-a2f7-77214a5a4610,extrinsic
f3e5e8aa-4810-4df2-a479-2e6d9680e253,extrinsic
c12d4d5a-7247-42b6-bba0-e5143a58feed,extrinsic
91dbce1e-7a12-46b6-a375-ba8709ccfb78,intrinsic
3ff4b927-42e4-4061-b17a-fcf0a480f5fd,intrinsic
f87e0435-ea10-45a1-9d60-458953f1e976,no
1be2dea6-1da6-4b6b-bdb4-33702d1ab8f8,extrinsic
0c103c5a-f5f9-4ab1-be21-52ef7b421a91,intrinsic
ed87e31f-2dbe-4b3c-bd00-9e23ac3f6bc5,no
54ed5d8f-7fec-4e36-9d32-ea5886f0b64d,no
c8329c88-c179-4bca-b5fa-67e0e18dab0a,extrinsic
2093d2fa-6414-4b14-ba84-e34b7a7f2917,intrinsic
8dfcf835-c676-461a-b6af-c91574cf6511,extrinsic
f008bbfd-9036-49e1-a714-82e56a784210,extrinsic
889df412-01b6-4423-b6ef-79ea19585557,intrinsic
14e194e9-9655-4419-9a59-0ed4dec06954,intrinsic
8572c398-3c91-45fa-b88e-08656e29d440,intrinsic
f4c037d6-1157-4b16-afbf-aa9042b5142f,intrinsic
141424c0-a673-4b14-bc16-e57bdba12d6d,intrinsic
dcf527d4-d8dc-43fd-8c73-ee0c4a89dc3d,extrinsic
fdec87e8-5787-4eb3-8c25-e407ea91a0d7,intrinsic
197e8430-fcdf-4acc-9711-a8ea2c4ad00d,intrinsic
f34e973c-c16e-43cf-991b-1d435f733c57,no
e9b827da-8035-470e-8676-4417ef52dacf,no
58ab08d0-ece0-451a-8278-9c9b7afe6ecd,no
b9af0879-e8f1-4946-9384-2dcb35fc5078,no
c7fefa09-ced9-472a-b09a-5cba784f9a17,extrinsic
6ebc9726-9fd3-49e4-931f-19e214e54730,extrinsic
a131ab60-69f2-41c4-95e1-5e855abf3015,extrinsic
df0b980d-19be-4354-9eaf-42aa77fb05f7,extrinsic
fb11b6ba-4c36-46ea-ac2e-bd48891534ab,no
70434ee8-e800-4fef-a004-8de33739ebf3,intrinsic
f7801fa9-d0aa-4d55-b268-9e1dd9d4c026,no
46f102e2-e403-4425-82bb-da70ca74392d,no
ce562cb9-56fd-4324-b1be-8e3de8113531,intrinsic
596843b9-bd3d-42f1-873c-b3aedb07f490,intrinsic
b45c179e-e97d-4fbb-88dd-39db403b4fc4,no
7644510d-0a01-458e-9215-8e8bddc6840f,no
30c37880-74cc-4cad-bcf1-ab0d8fe4a072,intrinsic
265603cf-b2d8-4296-9d46-a2d40eb763e2,no
a539cad7-3c06-43df-af26-563b79b817a9,no
ce38ca15-49dc-4851-96d5-7c98279587be,extrinsic
13558d05-1b5c-40a2-ba54-ff8971c1fe77,extrinsic
fceac3c1-e8a4-485f-8276-443919ed8260,intrinsic
e6094f07-f40c-4e4c-ae21-b893e9109aff,intrinsic
4149073d-11f3-4ed1-9cd6-748dc6f77838,extrinsic
bf620fd0-0d5a-463c-a352-bc277dbb2b23,no
54a0b626-693d-4e68-b064-bf975de090aa,intrinsic
0fee5301-d014-408a-9d61-82c73892be2c,intrinsic
d79dbeba-715f-4574-a4e9-b24ba5306a8f,intrinsic
d7a8206d-4af8-4e05-886b-47fdf2076e04,extrinsic
e6eba6da-9a6d-4592-a819-692baf15ca13,intrinsic
7e16126d-074c-4704-b153-5301e5c67711,intrinsic
06ad0de9-5d8f-4c68-9256-2593791953b3,intrinsic
f20de6b0-c06d-4178-8013-6b4a581e565a,extrinsic
1baf4610-1d26-4367-a558-994d40a834fd,no
f4029a05-a261-4921-9dbf-47124e229b24,intrinsic
6119b141-e21f-40e6-acb7-a6e2267c62af,intrinsic
a043b6a5-94ea-407e-a0ff-b40f1b20a32a,extrinsic
38e757eb-03f2-4cb4-ab73-9d3386431988,extrinsic
0017c593-6648-4eb3-91ca-fd15a7c900d3,no
8d4aac92-8d8e-497c-bf1a-db8a5814d258,no
6db5d5e0-9c23-40c0-87b6-9b0fbb1dafc2,no
6f5d764e-9487-434c-a5e0-86b9e59ece2b,no
bb84137c-74fd-4c40-956c-5ed5b247b077,extrinsic
db61f524-5956-41f1-954d-d89b744db52c,no
29d459fa-4600-4460-a83d-ebaacee5f2c3,no
27574986-0027-4a59-818c-1dc667e52ef3,intrinsic
d721ceba-6725-400e-9c65-0afa7bd3bea5,extrinsic
b48abdf4-0382-4bf9-ad1e-57eacef5886f,intrinsic
a9a20839-bf05-4a00-ad5f-57bb531b003b,extrinsic
bade2f00-3510-4966-9673-d040ecb524b6,no
f71161e6-11f3-400f-8324-ffc37cabad7b,extrinsic
7c350d3b-f060-42b0-9618-e3a2f89fe313,extrinsic
d922e085-846e-41ba-99aa-3a36b6416582,intrinsic
157eeac0-6ccc-4cb5-a970-33d6273c4b4f,no
bb6a94b2-d087-4c92-9864-a39bf4fda8a5,no
9588a999-1549-4976-8865-495d49c32d69,no
d2757df8-0781-4767-9780-4c490f54cdf0,no
4d3038f9-cce9-4db7-9d01-2ab4d6d61eae,intrinsic
3d65782b-427a-4a65-b83f-2c61b7b3b068,no
7bad1ca4-dcb9-4775-8962-9112cf59406c,extrinsic
5c791ce9-0a20-49f8-99a0-08bca094dd99,no
a975bffb-bc9f-4c78-83bd-ffc48db2f3da,no
1c4ebd6e-90ac-42e1-8597-ff2f1bacc347,intrinsic
5c1b0e61-345b-415c-afe8-e51433d24824,extrinsic
34101bfc-59fc-4b88-ac3d-f623ef50b5b4,intrinsic
bb0a872c-b069-424b-93fc-3d39afb7241a,extrinsic
ba332d12-0d8b-4273-b268-f3ae5e6d8bff,extrinsic
f3bedf57-b95d-45f4-800a-db6e6b5164c9,extrinsic
dba3f64f-caab-45ae-9dd1-21e5afcd3df7,extrinsic
33b52de1-9975-4491-8e34-da84041fbab5,intrinsic
15fa901f-1fc6-4268-be1a-9967b369f49b,no
60c6c437-6e64-4a3a-b239-f05d541c6140,extrinsic
83112cba-c4f7-42cc-8b3e-92ecc3ea9b1c,extrinsic
c5dddc13-232c-4f9b-ad9d-9facc39b50d6,extrinsic
a9829639-cbe1-4a8b-9e48-33c20353f9da,no
1ded8629-7f3b-459a-8875-3e4bba9623b4,extrinsic
d57af65d-addb-47f2-805b-a34deda84fed,intrinsic
27cfcbc1-e8f1-475b-8d5e-7f45ccbb570c,intrinsic
b3a6ff3c-477b-4a10-86c5-dd01a59f4b6e,extrinsic
3fe503a5-85b4-4d29-b340-fd61e5f56142,no
44f7f38c-e6fb-4a51-8fcc-5fb6a3d120bb,extrinsic
26cc93d7-dae2-456d-ac0b-ed86cedd82f5,no
f3b93def-dcaa-4f39-8121-ddea05f0be75,intrinsic
11a5ec18-3f20-43da-89db-ac0ef89de306,extrinsic
c8859df6-080f-42e7-afe7-509b3a92cf03,extrinsic
480842f5-6745-403d-bc35-04d01681f39f,intrinsic
d3e51a4d-821d-4c19-8091-d667534b8dcc,extrinsic
4c77fdfa-570c-4794-ad72-8c75535215f0,intrinsic
d5b1041c-32bb-40c6-a535-0b74d211237f,no
eaecebf0-d6a3-429c-af36-fc6a8b0e181b,extrinsic
26baafeb-b248-41f9-af32-318b363c9589,extrinsic
acfac9c8-a85b-4ab1-ad8c-96d845b2f33e,intrinsic
ee464d0a-f806-40a4-8c48-fb3aec6c791f,extrinsic
31898157-f4e5-4131-bc3e-10c0d93a34df,no
d242fe0e-c2c7-4079-b041-0f4d7aa0a930,extrinsic
993ee4f5-8f0a-4f11-a35d-b1d3ba358cbd,intrinsic
bcd94a9d-c593-4635-bdd3-d8a82b3907b9,intrinsic
0c4e5950-53eb-4738-bf47-a11ece78844c,intrinsic
f11ad9b7-c06a-41a3-ad3e-f25e5bcc4176,intrinsic
608310e9-adf9-485d-bc6d-075990cf7982,extrinsic
9d531fa8-c701-496c-a758-80d1d945c868,extrinsic
3fa30a1b-a585-4ef5-8a53-54f16a243dca,extrinsic
d75b9e37-e300-4a5e-a168-d1ba13eb0776,intrinsic
83b9684c-d857-4326-8a3b-d572e84e9a67,extrinsic
49be380d-7da9-48a9-9ed4-ebc2438998ec,extrinsic
ac65e9af-cfd8-4e78-9980-33003290b980,no
88e2dc9f-f249-45f4-8862-fa4ecd113537,intrinsic
aead8688-4ca5-4c2b-a79a-db87b7f19c2b,extrinsic
a7ad096a-bf17-4ac3-983f-721b848b0f65,no
04359bfd-a6d6-459b-ae08-81b85d578558,intrinsic
969ae075-bc9a-44f9-8fb7-6d57f431583b,extrinsic
802c8d1a-1eea-4c3b-9c2d-8ea7cbbb0252,extrinsic
9c7cc5c8-21b8-4122-b2b5-4f987c97cbcb,extrinsic
9d997ed7-126f-4253-99ea-aacf6c33c934,no
0c195423-6cac-47fb-8762-a0365da2092c,intrinsic
d350dd56-96c0-4c04-9e9f-8c571f66f7ae,intrinsic
0430321c-d1aa-4b58-8ecd-912c17915d64,extrinsic
875ece80-9ff3-40e1-8791-0c98f670550c,intrinsic
3acab669-ff74-40d4-bfa2-cd562f951a71,no
45bfacd2-3c00-4635-844d-7c28954955b1,no
3bce292b-d563-4147-9296-779292ea70f0,extrinsic
0b8270a0-6391-445d-ae0a-188bc0e839ab,extrinsic
74b550bd-cd7f-450f-b884-c5e4fdcbac5c,extrinsic
f5ab6a04-1607-465b-8f9d-b636d299c052,intrinsic
a741a749-0cd8-4000-aa08-e350b2278fc6,no
0eff3e79-2572-4fdb-aa6c-69e616b02dbd,no
f7e4d71b-4b18-4492-a3a3-32f7e4e3da80,intrinsic
069d8545-2ece-4db3-b1c6-e1d50d9d22d8,extrinsic
a65ff3d4-f154-45a3-8880-70c84aafe50b,intrinsic
70d2c7d0-5e2c-462f-9893-2159517060f1,no
a5b1ee3b-ebbd-47fb-a6fe-2088425e385e,intrinsic
db591a88-d23a-4a73-92eb-d90a053dbc54,intrinsic
8d0ed860-0d28-4659-b7ba-fe5d4e495200,extrinsic
c2428f49-c1e2-44c8-b6ac-26db11e4cfaa,no
c111a857-4a7b-4c43-82f7-8a6f8766a22c,intrinsic
97d02bd4-f4c3-4783-a881-a248c36e6995,no
e41554f4-0252-4187-87e7-26b4f01f00fc,no
5725f26a-09e0-427b-a2f7-0ea066a4a75d,intrinsic
fbed7bab-5a2b-4fe7-ac01-13e3f5920782,intrinsic
701e36c7-c44e-4e08-964e-cd89d8112bf9,no
918504f3-bf5f-4419-9d0e-199455ff86c6,no
efe205fa-58d4-4af3-9bc8-6b77b53617d7,no
e588cef9-1132-4b95-be11-9e744a01b383,no
2625f3a6-2857-4004-965b-0ffbada1a3c7,intrinsic
25eb9edd-cb99-4893-bf9d-dac4d2342fcc,intrinsic
0fb262cc-8453-452a-bc0a-f2e579060116,intrinsic
82684918-7b24-4e44-8dff-de691ac5d3f4,no
0d38e117-2047-4784-8ca3-8d21335dfaac,intrinsic
afbb0c34-6a5a-47cb-ad4c-becdd29e29df,extrinsic
a12c8f8c-16d8-41e3-b352-6ad42a473f65,intrinsic
a486ee9e-3409-45ed-a68d-857fa5615bb9,intrinsic
84ee61a7-3700-4b80-bcc1-99cdaba46eb4,intrinsic
cf4b6944-65d7-402a-ad68-66c9932b62b0,extrinsic
b2674043-36ca-42c5-8e2f-3dad5fb4324c,no
8112491e-bc95-4dd9-a7d5-05948fe56fbe,intrinsic
b66327ea-0fd5-4c0d-b254-11e6d4d09c01,no
7b3bf240-59de-48d1-a40a-699edb43c0bd,intrinsic
43781e63-d176-4154-a239-abfcf7aefb6c,extrinsic
75bbab20-8c88-4adc-aaae-3ae080d3928e,no
8fde801d-c3da-4265-a93d-41671dbe93bc,intrinsic
e48997d1-897e-456a-a499-4365bc0392ab,no
e567ed84-4e6b-4e66-8474-00d0d64bed37,no
a3be0a6e-3a11-440c-ac7b-d4a38ce1db93,extrinsic
5d80f8b0-cccc-42bc-953d-c8e7102a1e69,intrinsic
bc7f99d5-df43-45b1-be7e-dacf4fa3f787,extrinsic
4f6da3ba-7c4e-4c52-b58d-88154b16f3fc,extrinsic
8b83244c-8591-481d-a39a-67db586b82c9,intrinsic
597b4f91-de47-4b63-ba80-d1cdb83a7c5f,intrinsic
e5dc4dad-ff0c-4ddd-87f2-71c1dcf5ff4a,intrinsic
0c83dc04-d834-45a1-b8cb-734667c176d2,intrinsic
ef542240-d251-466b-99ca-8ebc8ad3a936,intrinsic
365a82e1-f870-4f28-8d9d-cd6bdbef84cc,intrinsic
eb4879b0-2ddd-4022-b64c-3ec6acc601db,intrinsic
27c6fea4-6218-4b4b-8336-bb188a3cd008,extrinsic
08ba582c-fa16-400b-a2b1-3058aaa9c1f3,no
5e13c82f-73e7-4fbf-87cf-1e0ea3adf97e,intrinsic
2308b58f-04d6-4843-8f64-a0ab326e0f35,intrinsic
62e53bb1-3e3e-4966-be34-333226ebd77a,no
348ed835-1899-4486-824a-9c018aaa1696,extrinsic
a3162de0-bd21-4759-a454-badd7edf3df0,extrinsic
8f8ccd60-720c-45f9-864b-8dd7a546395a,intrinsic
83583f70-0545-434d-b787-cec033e8bf9b,extrinsic
ce6f82ba-b695-4827-baa9-5ae0eae3282f,extrinsic
8297f7be-71a1-4b39-99e3-d06baad867a2,extrinsic
7830b48e-b0b7-4569-89a9-693640803c69,no
005197c9-45f9-44db-8442-5398d2f21999,extrinsic
99cf02cd-3062-4f2c-96a2-2b381f41e257,extrinsic
b916ea05-6dd5-4b6e-89a5-38843e55b084,intrinsic
57bd7a9c-66e5-4c25-b064-05afe30eeabd,extrinsic
ba9a6fe3-f4a1-474c-a829-1724ccd19924,no
5623f7b7-4ce7-4cf7-99f4-c9ea9281665a,extrinsic
5c23c61f-bfc5-49d4-aceb-f21cd03d89d9,intrinsic
0b69d0ef-cb7d-40b0-8906-b368b1ea0dfa,intrinsic
35cc2a7f-a19a-4d7c-b725-9c4ee69e2c9e,intrinsic
161d7992-b44a-4549-8ef7-110195c0537f,intrinsic
8785d1ec-7ba0-4d7e-9097-e1b90871ae4b,no
743e7702-94c9-4c37-bca4-f99314ae84fc,no
21b78a1a-29c4-4ef1-ab3f-c24a3e032cd6,intrinsic
d93f400d-ca3f-48bd-9f7d-b54a1ea767c9,no
3da59d6c-a6e8-4706-9a02-c1fafe85472b,no
db88f36d-e54e-4226-85da-f0cde2c4d585,intrinsic
e9713812-7c33-4f9b-8253-139a7e61a93c,no
b5d71b20-6d83-4f41-94ec-7f8bc4112ef7,intrinsic
e8e58444-1856-4221-b7e9-6b085dafbf77,intrinsic
ca44e2df-485f-4a69-87de-5fbf2ec0a3be,intrinsic
f62b3669-e99b-4ffb-b4f4-d10e25f19649,no
94159c20-9d70-43e6-88ca-9f685761c0c2,no
ae010a09-09db-4ef6-96bb-8a78f28e0760,extrinsic
c5b5e16a-ae50-4937-b4cf-c994c44a4518,extrinsic
98d9e067-0b9a-4892-93f2-f90c0797e1d0,no
233a1c8d-7da2-458b-9fa4-084a5a1fcac4,no
d069f828-bf50-480c-a78f-e497a23528e4,intrinsic
d7bf476a-5eeb-4df9-b6be-66716543a93d,extrinsic
1bcec876-bad8-4240-8fb7-2d5c68d4ec67,no
3321def5-c908-442f-bf90-0209ceaf516d,extrinsic
d263f9b7-5e6b-44cb-bc7f-ee1968270e9d,no
7dd80acd-1651-4b99-ae01-0419ad1a0b2f,extrinsic
13c95e11-929c-4519-ba05-7560d435cce2,no
7fabb3dc-7e7a-4f28-bf03-3d7272e1d451,intrinsic
88c3b894-2c63-433f-ae99-68101ff4fedd,extrinsic
5f0c060a-23f9-4309-9352-d872df600188,extrinsic
86be59f6-7534-41b1-8654-7eb5e2bc0379,intrinsic
4769f3db-03ab-479e-a222-f736fc129ac2,no
c7a64990-1dcf-40bf-b463-94a7be5cc1b9,intrinsic
bc6437fb-b480-43dc-baf8-4cb00b51825e,intrinsic
b771e4dc-795a-4963-b0cd-128b28b72846,no
3db98315-79b3-43ed-8f20-2c7449c1f481,extrinsic
b8133bdb-2a80-4a65-bdea-8c4bb509e308,no
7fdbcc57-6602-43e5-8957-c5e169a440ee,extrinsic
6a449605-a4dc-4bf6-8fc4-6586611c9340,extrinsic
9bf035ed-5200-475b-955d-c8b39ec5f4bc,intrinsic
baf0dffa-c91a-4ea2-96a8-b1eb30a36a15,extrinsic
4d9b8fc4-30d5-4880-a682-041658b7dd4f,no
99676cc5-e86e-45df-890f-fe629729e262,extrinsic
4fc2b06e-6cc2-4f81-9f49-74dddcc689a3,no
a8da895a-d630-490c-ad38-ab1b484d2fae,no
ddf6f3ea-3b09-4f6d-a44a-5c6d6d8bcefb,extrinsic
bb4f63ff-10f9-40d7-8638-c95030ce9e4d,extrinsic
9d954e6a-4bcf-4938-aea9-2c3ff3354796,intrinsic
0c8e7cc1-b0f4-4351-aedc-2430f74f01e5,extrinsic
81c332a4-2e60-404b-92c7-0c331001f60f,extrinsic
e7ce6ed3-3333-4db8-b7c3-b6d74ca26d8b,no
3d68f9a9-f8a0-4ffe-a998-864d110f959c,no
18c44488-7466-481a-a7c4-111720fdff67,extrinsic
3c1b1549-1e5d-4d42-8525-59a5321ce5fe,no
48b6ce59-449b-42d8-9904-2ab370d51b29,intrinsic
98121e9b-4ce8-42f7-a718-799014b4e629,no
d400aec6-c60d-4492-b2fe-00685978e2d5,intrinsic
7aec41a5-2a14-4af7-b180-30adf58ebd0e,no
3c8be529-4b66-42c3-a026-54b651b7bbcd,intrinsic
24f62069-774c-4ec3-99cb-073889a475c7,no
44652105-a45d-4eed-b30d-edb629c81540,extrinsic
8d048862-f68a-4e8f-9e75-2974e1b02652,extrinsic
065b2b9a-a647-4297-bb81-ff8dcd459688,extrinsic
29363496-83ea-4bb9-adae-27e3920118e9,no
c106ae93-7429-4ec4-8232-627c85cb9bc5,intrinsic
4dea83d8-66cc-46d7-bbf4-da40fc664388,no
b2082c77-a4a3-4e99-b7d0-1f7a62a095d0,extrinsic
9a8f4889-c987-4e16-8e40-705f965d980b,extrinsic
41d1c848-083f-445d-a9b7-7ed4cf57f106,no
179093d1-0f78-4089-a426-efbd63a3e1d3,extrinsic
832260e6-2c98-4cd8-8f45-a58b92790c6b,intrinsic
a3b717ec-787a-4d99-9683-ab3d159b14be,extrinsic
a7eb5170-d004-4a17-9814-1a2d7dba65c2,extrinsic
97d33dd0-0059-48b4-9b7f-9cf268a3733c,intrinsic
5ea4b946-14f5-4d97-9db8-9a7932e25b0c,extrinsic
56d6f29f-7973-43d5-b334-c0058d2b6f67,intrinsic
a41c1c1e-ff14-4b71-85bc-2751fe45c25f,extrinsic
d4fd209d-5952-45db-a1d8-ce464bf0e8f0,extrinsic
b5e284eb-97bc-4c44-8d53-4198ff379f7b,no
0f932840-96fa-4df7-87f8-ceafbf186c7f,no
7699e3d8-73d6-42a2-862e-778f18d89d3c,no
29aa8ac2-ff39-48fd-a0a0-56dd6ac5b4de,extrinsic
810f692d-e4c0-465b-9655-cef19c3263d7,extrinsic
9b3f35ea-3a36-4674-a2bf-39d704b4cfe3,intrinsic
16d2b64c-7f86-4439-a248-a5027b6ff8a2,extrinsic
f20bca1f-1862-420f-b088-6e27c9069203,intrinsic
d0c0b905-f961-4add-b962-751f4bd7a20b,extrinsic
739a0f2d-110b-40b6-9ca8-3e0afa09d1ad,intrinsic
e41adf2e-ad06-4555-bb58-c350c78aab6c,no
20b920b5-a7fa-4eac-b8e0-edbcf471c8f7,no
acbe5b24-186c-4caa-99dd-a3b7d15bc6f4,no
d6017c92-3d22-4d75-8698-3c8e47f9990f,intrinsic
d1a2afd4-a4bb-4117-a110-3fa1fd9b47c2,no
380f1c89-797a-4ae8-a015-5e390047b139,extrinsic
4392a072-ec14-4f09-9aab-d115f6f25aa8,intrinsic
1d169feb-c18a-48a8-82d9-d50d35c47c34,intrinsic
f14f7f3f-9fd7-4b71-b06c-2553bf2335f4,intrinsic
5257ff5f-c9aa-44eb-b681-b2a430f35351,extrinsic
bc6f1a45-2730-4e71-9577-7eb1cb049161,no
1ff9fcfa-6b20-4677-8b3c-6a3faaa81050,no
da57fe5e-79d4-4516-92c6-d27eb982b545,intrinsic
35dfc5d1-6d28-4a0d-b982-f136d9f99197,intrinsic
4af24082-df93-494f-973f-3f5c0701794a,no
c846ef6e-8d39-4da0-9edf-d9cdf69cbaa7,no
b51832da-4cc1-48e9-ab9c-b4a36ee43cf5,intrinsic
6d4c0ea6-2e05-4a52-b05e-508d11102beb,no
266ad3bb-ecfa-42db-8b96-bcfae7854d7a,extrinsic
4e23b775-9f52-484a-8ec0-fd9442e609e6,intrinsic
90ff5530-6383-446c-b114-cafe1296a01d,extrinsic
e74b2c56-176e-4e52-a0f3-57ef8ffef777,no
0a2ac10f-04ae-48a1-96c2-da84e2272abb,extrinsic
36bb5cf9-4027-4145-8dd8-cef1edd2d987,extrinsic
25acc735-5793-4ae6-8101-639ab48b2e4d,intrinsic
4fdbea8f-8af8-4bb2-b0b9-d6e196395c5a,no
b3655019-9a4a-4322-abce-ac3ed1a29f25,extrinsic
31c5dd01-7464-4680-bc64-012762d2b74f,extrinsic
36bbc95c-5c3f-4419-9f21-3c6eb5e93ea3,no
6adb31c1-a325-49d8-a491-7ebd8ec8ffdf,intrinsic
1e6b6be1-f1a3-41f6-ac53-e3ce401b226a,extrinsic
1f0a1baa-d296-421c-8845-64aa4c5b35b3,extrinsic
7c55e024-a43e-4b6a-9a34-dea630367e34,no
a7f43f8b-d964-41d1-9d7b-bfd6b521fd9a,intrinsic
f4078389-42f6-45f9-a864-1ded86c0b28b,extrinsic
eb4a7119-08f2-44d9-a012-bc700cc54fa9,extrinsic
bcadd9c1-674d-44e6-9784-4f5e4bf921d4,no
0a9026bf-04c7-48b2-b034-29f9e8b20269,intrinsic
dc649e1e-8f3d-4fb0-abee-f949e5ff166b,intrinsic
387b8369-2264-4446-90c0-10b493b792ae,extrinsic
10e70318-d206-4c3f-ba8e-adb73d866048,no
9ceb17af-df33-4622-8995-f7b7e1ca4b10,no
ff397f8a-ebe7-4e33-93d8-68a490f5117f,no
785697ca-542f-4a60-946a-93f24f92aac6,extrinsic
8bacaca4-2b91-4094-a4f9-81b54f47998e,intrinsic
6499e205-2060-4233-83ad-80355617da78,extrinsic
00f85074-a1ae-43e7-8155-5c9ab912d459,extrinsic
2f2be5cd-819b-41dd-b85d-879a7f35432c,intrinsic
4d7b94a4-c36a-4181-8367-5d3b192cabfb,no
e824629a-d6e9-48cf-8e65-de54a3c91a55,intrinsic
4b01b715-1304-4fb4-8211-55d5f96b955c,extrinsic
bf5ef8e8-da14-4dc5-980a-be33655fed9a,intrinsic
1b14a684-7dc9-4fb7-b492-6c601d41aa5a,no
44ee555d-1707-4ffb-b64d-1fc9e4df2b9e,no
448f04cc-9bf8-44fc-9d40-5b5561712374,intrinsic
22f8575e-fc4c-4541-8aaf-b5698a57edd2,intrinsic
566ab112-f4f5-4428-9ddb-00c18035dc00,no
b1d61606-4631-448c-9545-a4b00aac7d42,extrinsic
ae235bb7-0b0d-4fed-bb51-0d1271b7aaf3,no
fb2cf224-a30c-406e-9f0e-877dfa8f158e,extrinsic
5aba6649-da78-4728-a00c-66823b6856c4,no
2420ea26-2b93-4748-9a35-1379694d8044,extrinsic
1b605818-f0da-4c2c-add7-26c42972d2dc,intrinsic
a3035fb1-c9f6-49c4-9455-f66230351a7d,intrinsic
5fc83f02-4f19-4f8a-8336-e71add8a04c4,extrinsic
5f870a01-c476-43d8-b9ed-d17c05811569,intrinsic
35fb930d-9c31-4366-9240-bdc71a6e7d1c,extrinsic
33e6940a-028c-4f63-be13-9e45b66bb12f,extrinsic
ad2c7444-849b-4a21-8ed6-a48cde59a21b,extrinsic
978a546f-7c43-4ab2-8209-b82b3e059229,intrinsic
c75767ae-bbf8-4b5e-b4a0-2333208cce32,intrinsic
99ac91a8-31f8-4d03-a19c-93ad2860ed71,no
b6085276-44f0-4fa2-ab9d-291d6b56da7f,intrinsic
cff6fbfd-507f-4263-b4af-882049074fd1,no
1c2fa8b8-3a49-47fe-a2e2-e10af9ba1662,no
69a99a8c-d6d2-4450-bd76-ec196fc03dd1,intrinsic
ebc300a2-5a46-4f62-bfba-f832d1da602a,no
cd902f92-4f83-4a76-93e9-33c55d8b2a06,intrinsic
c7908847-bef9-46bd-9d8b-35aff37a9c44,extrinsic
11ae48c1-f0e2-465a-a53f-434f0ea6bd3f,intrinsic
11fe3454-b236-4af9-9bfd-f9184dcd1dde,intrinsic
6b1e7047-d598-4572-8dc5-e7618cabb079,no
4e9658ef-bf65-47f5-87be-32eaa5a91704,intrinsic
c457183b-db32-463e-871f-ecec4a62e35f,no
d4994251-dc7b-4689-8d90-f006ea91deb5,no
0cd09b16-1ed0-474f-9caf-05b3b3478e1c,extrinsic
bb794953-8fa6-4d58-9ffd-57bc7106099d,no
0bbfed2b-73e5-4cec-8f8a-de2c77a30d79,no
7a476df9-b2f6-4811-b846-8e6bf8cdfd8e,no
5198ecec-08d4-49eb-8404-1a5c10a2e0af,no
1260f471-19a1-47d9-869b-859b2886abd8,no
1639f2b0-b9f8-4832-9dd3-b8d7b32e8258,intrinsic
cb22ed6d-751b-4868-89e6-76db9b57735d,extrinsic
9289aa1d-f6bc-43a1-9eef-0b9e46202d4b,no
02662f9b-0e94-4e6f-8734-640a5803703e,no
b2f01185-3d50-4839-8b44-3cb0f5848aff,extrinsic
c9dc8d5f-d1cf-43b4-8bbf-772f5fd75afb,intrinsic
c6e1c2d7-6eff-4305-a381-15423e638919,intrinsic
dce712f9-b4f6-4546-93a1-0588b5ff731b,intrinsic
0d277328-b789-42cc-b195-e925e1dc35a6,extrinsic
70fbf0df-78a9-4e02-a7f5-7c8cb2b11f45,intrinsic
9417208a-51d4-4e3f-b24a-6eceeca09e7c,extrinsic
5c4f03b7-92f5-4c9d-a208-c4c50264ec24,no
3d8ca03c-38ab-4c95-ba13-6b348de8b77f,no
f734e7ac-8528-454f-ac8c-fd882a9a0bc4,extrinsic
a2870a25-338c-4fe1-aaa3-13b43cfd9bdb,intrinsic
4981382b-a3a7-472a-b861-7af252174614,extrinsic
2b88197b-db20-4405-85ea-f9678683cfed,no
34f47b8c-c6e0-43b3-831a-b4f637d9d3ae,extrinsic
f5b6e496-5a42-4b4b-827b-b9decf43b80f,no
40afecdc-c213-4a29-88e7-d09e0b02e4b0,extrinsic
26c26eef-64a8-44a0-a291-d0a2fea0fc7e,intrinsic
fc514cff-ef7f-4c50-94b3-0b9f35bbc0a7,extrinsic
d6b9fa03-46b2-4998-89b7-66dd7562685f,extrinsic
5b71c615-7f22-4f40-abba-a66c79c3d29b,no
d857d3a4-ebe6-4ef6-869b-055ec84e2f98,extrinsic
0d822c1a-039c-4c61-b511-fd0e748a06b2,intrinsic
3ba03d46-3c2e-43b8-8fad-4a6e5b471712,no
9e6048aa-2345-4250-b8d5-8f300cf56903,no
117c49a8-69dd-42ec-9cf4-a9f7f2a5d6ed,extrinsic
79058399-a9d3-4ea9-ab49-0b7dcc007dcc,no
e096cdd0-11da-41a2-a300-dd3ab08c7f30,intrinsic
da1fe44d-d7d4-46cc-860d-6c90d1837a09,no
8cb35081-1c64-4bf3-8179-1a72a3446d03,intrinsic
ced86adf-297a-427c-8cf5-9f32919622be,no
960da27c-ba4b-4a23-9e0d-47e3fbeaba17,no
322ff230-350e-4bf7-b87a-c2a7f773f21b,no
942c0795-1c74-4728-b9fa-795c97d7d2a9,intrinsic
501d46f7-a9a1-4139-a9e0-e7f7eb6d6fa2,extrinsic
86751fd1-2f97-45a1-9fda-94a1bb50ac46,extrinsic
29e6f7d4-4dee-41a7-a32e-5ab5db156266,intrinsic
c1d8812f-1346-461b-8cd2-215bd2fbeeca,intrinsic
44a0522e-892d-45f2-87fe-22dbb90022ae,no
005687f6-5ffe-4d0d-9838-c98434df57e1,extrinsic
9726127b-16db-4266-b778-5d2d7f8c5860,extrinsic
321c840c-6579-4216-ac50-910359c34ac2,intrinsic
aa6d168e-6c28-4893-bf8f-f45140ddf7be,no
a2a8f85e-1d7e-4faa-a7f1-c25ae41f13b8,no
8fd528df-f654-4390-8ce8-83bf48bd6ca6,no
c3de3221-dc2d-47d4-8e06-620cfc700961,extrinsic
3ed97218-633f-4e8b-91ac-1990975fcc16,extrinsic
69961d7e-4a51-463c-9ed6-6d6c670fa753,extrinsic
f1103434-7040-4133-b3eb-3c8b978a032e,no
c2ba82c3-7839-409b-98f1-8076101fbd7d,extrinsic
e83ff91f-3934-4e32-96ef-013bb02d185c,extrinsic
5583cc20-580d-4d2d-8fd6-849d00e75a4d,extrinsic
74b56820-c7cc-4ea0-9124-3d7b313b8866,no
4cfeed07-39d5-4030-a0ef-fef944b658b5,no
dcc08b55-a8f8-4442-a100-b820d173b742,extrinsic
c0b39f13-93ad-4d3d-bc85-4775544a6a4c,intrinsic
113b3fd3-caca-44f7-b27e-3b8ae04555b9,extrinsic
4f9f7e84-1dad-44f3-b3c8-06c20e0ac9d2,extrinsic
6cb9226a-a8ca-4390-96f6-a34097d96916,intrinsic
4370175a-973d-41ec-85e2-226467da5103,intrinsic
956a9d94-ca10-4914-b9f2-9c5aed05a719,no
637ea450-0b63-4fcb-a73f-bcf4256be913,no
5d0e641d-9006-4c44-b656-f65121c696c1,no
353cbec7-5942-4c9c-bf5b-a8076d5122b0,no
f8627e14-dbce-40cf-bdb2-493a6c0349e2,intrinsic
33db21d9-abc2-4984-8e78-d602b1409f8f,intrinsic
e51006a4-d23d-4330-8ccc-864cdd1ae553,no
90166de9-6835-4796-ba3e-51e5d5eb2249,extrinsic
928ad21f-39ab-47a1-8fd2-11d56e0dc401,intrinsic
3037765d-c98a-4285-a905-4d20f4bcf705,intrinsic
b3439e99-4552-47bd-81a9-db8fccc2c729,extrinsic
7ac8e1ea-d8ec-4c87-9f15-425cf5d5f644,no
6ca0e7d3-30a5-4a41-aec8-6f0bc64579d3,no
69184d4a-5360-4ca7-bb6d-3609e02df623,intrinsic
35fb3b2a-22ec-4728-af4f-0f8e32641c6f,extrinsic
14f81b48-0ff9-4b82-8229-436643b0e130,intrinsic
f31dceea-898b-4a0a-829b-f9d54ff2ea41,extrinsic
053d0526-ba1e-4ae4-8be3-1a3e8823c1e6,extrinsic
6841e30f-d378-43bd-bfb4-61f5e2498ca6,intrinsic
505bfb9e-7201-4349-a0bd-cc13be983228,extrinsic
328ef921-114e-4099-92e9-1fe758b8b697,no
8cee1869-bed1-443d-8d95-7fcb7950a141,extrinsic
26f770d3-cfa5-46ef-bc9c-4e6738b26542,no
905365f4-b700-4f6d-adcf-d9acaeee3631,extrinsic
7580cdbc-c9c1-49a2-a637-e7acbc39c68c,extrinsic
8f816a6b-835d-4047-abe4-30748321700f,no
91626688-cabb-4b3b-b036-d998c5e70ba3,no
d2679672-31ee-45b1-a5b7-0d38b3f70a3b,intrinsic
a9bfa62a-bf74-4cf2-ac76-90e1a7797f3b,no
f803f50d-7baa-4721-b297-0fbfe9b07199,extrinsic
2194d6ac-8e65-49d8-b9b8-6a4c725aecad,intrinsic
811eeb7c-b6d4-4e81-b7db-ef50d9c18084,no
222b8846-2ff5-45bb-acc6-efdb51f69392,extrinsic
c20a754f-f806-492e-b067-ae1f7e6dab22,extrinsic
b3b4587d-49bf-4968-b470-7e66ed606e8e,extrinsic
c6d0dc22-0d2a-4e56-92bc-d6944f0dba8b,no
e9a1f3c7-28ec-4b0a-a448-1f7b2ae7cabb,intrinsic
d9ed1ce1-28b2-4cb4-8993-afb88ee4b18e,extrinsic
2633f600-8af0-4f16-9347-2d2f0d5d8c11,intrinsic
7409ec68-5c4c-46d0-9fb2-de383827c2ef,intrinsic
d4a01301-2e8e-49ed-8d11-d2fd37b61e42,extrinsic
c9485295-cec0-4b62-8d56-71bdebe2d462,extrinsic
2e11976c-6668-4ed9-823a-adf3e9b43b9d,no
362ecdeb-d15d-4e15-ba48-c0e366ab7f0f,no
5b7e8f26-3448-466d-b81e-0e40257549e9,no
d0d33e30-6f21-4962-bd55-d2a5c49e2add,intrinsic
48c32f5e-807e-459a-bfae-b9ae23075cdd,no
ad6c966b-2c4d-45ba-ba0b-99c08e39359a,no
9b6f7f63-abd7-4c99-b219-9055cf3fb980,extrinsic
7c55c092-494e-4036-ab62-32367080628c,extrinsic
c144d175-b141-4546-9747-32a26cfd8d18,intrinsic
8469d514-7319-45c1-9319-3f9ee4e1d344,extrinsic
80f40e65-3f0d-456e-98fb-28161cc4624a,no
95cc03da-64a4-4bb1-b145-0bc4a5f23d06,extrinsic
b6f98022-fd4d-4a16-9d9e-bd36c0ff9017,intrinsic
bc564993-60c1-4a8b-a951-413bbdc8299e,intrinsic
6944439a-5232-49d9-aa55-33b2c35b0e25,no
256d03da-97f0-4ff1-9be2-20fc8eaae9c8,intrinsic
5faf96b2-b818-4a42-a836-99702d0c5568,intrinsic
f84f70d2-e44f-46ed-a608-ba4dec60f222,extrinsic
2f505596-be76-4c82-b827-cef05cfc54c4,no
d63d0389-e14c-4118-afe4-a99dcf1ebdff,no
173f07f8-94c7-47df-8022-ce06cb2e0a2e,extrinsic
08b68313-494b-4fb7-8f79-e8218c07db52,extrinsic
367ba841-fdf9-488a-a43b-b452de29b4b8,extrinsic
9c393b90-f87d-4a0f-a145-7800f7691a25,no
0bedd8c0-1db1-42f2-a37f-4f8ab7c9638f,extrinsic
56d6607f-fa3d-4315-b0fa-4a90ee22acde,intrinsic
5b981a56-7a2c-43f3-a55d-b448899f574a,no
6619f925-d805-49a2-b527-4bdc67ae58a4,no
1115ece8-66cb-48aa-aca3-5fc9fb54f003,intrinsic
fe851ce3-4590-445c-a432-da0b49848cfb,extrinsic
143d1405-bacd-4160-b685-37dd1bce5c72,intrinsic
80318aaa-f3c5-42e8-b399-c7edbb022466,extrinsic
aa578ec9-9534-4e5b-acc5-9ba3dd0fd4c9,intrinsic
f36e2683-3ac9-460d-bd9d-c50f831d043f,extrinsic
056b9e12-5196-4c6b-899a-d8c11b421892,extrinsic
7005311a-6717-425c-99eb-c58a5f3056bf,extrinsic
e7048629-0253-4917-af66-f2138b1dfc58,no
2a2852a0-7f6d-423b-85d2-2630d2d1d77e,no
57391f61-358b-4073-9b64-55177af7095c,no
15c67c10-ad34-4a35-987d-31884b47da2d,no
c105c710-6d3f-4c03-9394-fdf222face82,no
bc6a147c-7c6f-486b-b527-6ffefb7ab8fa,intrinsic
b828026e-e142-4b34-b6ac-ebf9585ad0b6,no
062cfb1d-b21f-4667-aefc-0f76f41c1d86,no
0e77a6e4-9887-49bf-a248-ccb74253282b,intrinsic
4462b6db-3b81-4643-99f4-b08595dbb936,no
e543467a-8386-46c1-ba7a-ee96b7f1d5f2,no
7a822124-67a9-4dcd-95c3-95342133a65f,intrinsic
96ec5266-9719-414b-aef1-34a6673b4a48,intrinsic
a6d1791a-e3e9-4136-896d-304dfd39b5b2,extrinsic
2e70c757-ae45-4669-9b58-124a3bae14e3,no
d2a5f05b-473f-4038-8357-d1b08c5e0755,no
0a8d411f-5f01-454c-8820-c1f5e380b72d,extrinsic
676a540a-0bd6-4bb6-9d93-db9b617b1e7d,extrinsic
8f5651fa-fb24-47ed-9165-ec1001a9379d,intrinsic
42713e96-fdb7-40af-8b4d-e936b34e75e2,extrinsic
02a76345-c02f-494d-9c13-aa072c9281ef,extrinsic
9f17bc02-1eeb-41cb-9dd8-9f147322b891,no
1825d5cc-b67c-4664-8543-467f558bb749,no
9a1941d4-8298-4239-81e1-91b13d900761,extrinsic
2ed2ac2d-85d1-42c6-8404-397bb8bf7190,intrinsic
175d95c9-1c34-4e10-adab-7f96a2a5be4b,intrinsic
5f448231-726d-4c42-a526-f3df32cd8dcd,no
3ada6a7e-ed54-4e1a-a170-2ee1c14212f8,intrinsic
e20b36b7-df37-4b77-938e-8862abada04e,no
851af3e9-c0ac-4e88-928c-e8d1940bb771,intrinsic
e2bff68b-d5d7-4ddd-ad1b-cf48e46bb155,intrinsic
92a430ef-7209-443a-aaea-eced222c0b74,intrinsic
9f3ce580-f488-4fd9-a0c5-67992807dfaa,no
c9044d9f-ce9e-4eb4-be33-c3a798f54079,no
bc3577a6-7592-480a-b485-c14678883e9e,no
5fda0405-74ef-44c3-aa7f-2efa33dcb66a,extrinsic
e53f20f2-6634-47a8-a7ae-227ede2225e3,extrinsic
5f0e4f31-f2b3-4419-8290-18aa2adabf45,extrinsic
521f5a03-2cfb-45d6-be1f-313ffb90b17b,intrinsic
8637e0a3-97c2-459a-ab57-4368ea43ea01,intrinsic
ed700366-3633-48d7-b765-a436d7ee1514,intrinsic
cf19eff1-1395-438b-9409-6d5c857829ed,extrinsic
28adad5b-be10-4acd-95cd-ac35f4dd04e6,intrinsic
576bcc62-b29f-433b-b795-dcec8e0c8a09,intrinsic
66d48528-2772-437b-b75c-4be81c185b8b,intrinsic
2e8f2109-bc6c-4179-a9ba-57077648d15f,extrinsic
826e71bc-3783-446e-9ea0-de4d1c8c6f10,no
e12b7db2-9dbe-47f1-a582-752276045f8b,intrinsic
0c833f6c-0092-4a8e-b151-d9871737768d,extrinsic
d5216e1e-80c6-4627-91e4-bc1e3d27dc3d,extrinsic
e14ef8b5-4970-45a9-82ee-a21189bb3b8a,intrinsic
fbe7e3e1-2dd3-4a29-8133-d711aa0a9495,extrinsic
97b9f512-adc6-4005-b6c2-adb2f21f9323,no
66146149-3453-4116-9644-4eb27b4bac02,intrinsic
d2139976-6552-4824-beba-6101cd9acf10,no
1668440d-9770-4dbb-8bfe-1b9827503290,intrinsic
3a6539a6-67b2-44be-82c3-f78f3caa73e7,extrinsic
8f8b520f-2532-463f-a74f-6612f5af4a94,intrinsic
1bdae822-05f4-420c-85ac-c8ac2b192431,extrinsic
6e04e192-fb24-4335-b911-1467188ac843,extrinsic
cbde5795-1df6-4aef-8ceb-55e979aae1a2,no
b4165d2b-3e46-4c0a-97a7-c3f5d867e738,extrinsic
b4cbf090-142d-486f-a01d-8bd75ed30d75,intrinsic
0a91bf62-6a71-493c-b09c-efb5f344b077,intrinsic
6739bf22-d254-4fd1-a766-05eb6c7a0016,no
e500494d-b1d0-4827-8b7b-0e59cd00f164,intrinsic
a6731340-d648-4981-b6ff-6be293cad590,intrinsic
af4cef76-d00a-42f8-a729-3abf737f0194,intrinsic
48720dcd-fc1e-4282-9389-e84ccbc9d8bf,no
2ce579f4-10f7-4c9c-8ccc-eb9fcc36bd8e,no
d99f6971-72fa-4853-94d0-13dcf03b0847,intrinsic
a5c46dfa-e958-4068-955b-e8fc65b99922,intrinsic
cffed493-763f-445a-841b-ab9e7f7b79f7,no
4c8f2399-b7f5-4de7-8a12-9de5c2baca3a,extrinsic
70849837-87bd-494d-9936-f83cc6969ff1,extrinsic
2ffa699a-1f9c-4625-8b77-c37e9df4e32f,no
7f8df219-d6fc-416c-b674-5c63add61096,no
69ebe2c6-3f31-4b09-877e-49e3aa24fb7c,no
a127bcbe-6feb-4c38-aac3-0b3057ff0af3,intrinsic
ea39a01a-bbc8-4cbd-9c45-442a74977f7b,no
90473a4c-2f26-4fae-9b35-4eaf3185a88b,extrinsic
df43d0ad-d135-47cc-bd96-30db8154af6f,intrinsic
f0f4f6fa-e456-4dc5-8e40-ac1db25f4aad,extrinsic
200b7e34-fd1a-4a79-9a87-a38451136e72,extrinsic
7e3030f7-a039-4611-a5ca-7136475cf787,intrinsic
ed09ceec-52e1-407c-b696-579f8a8dfcd5,no
7b9a4483-03c7-4191-9161-1814b681aed9,intrinsic
1afd91b7-5b95-4ad1-886e-476fc902bfd3,extrinsic
71d9bd8e-1d24-4ab3-83a8-5cad1b5ce588,intrinsic
1b7daad9-3b28-4186-a653-fde23f001930,no
dc73f14d-8abe-4ea8-b7c0-60c5ae2ec96e,intrinsic
4f853d9d-abb3-45f3-9971-e9ddf8ab7cbf,intrinsic
a9ce370e-6a35-4064-9f3c-3e6f8e4f1f08,intrinsic
8055566a-820a-4181-a978-72fd646dfe36,intrinsic
1a0e9b80-fa53-4d6b-bded-4b22a6c8fdeb,no
b86ef166-45ba-40e2-9974-61c064c0dfcc,intrinsic
945e1687-9c29-46f4-af54-f2525b67a63c,intrinsic
a00ddc72-5c05-4056-bc43-4f5e7c21195a,intrinsic
13f2c492-50cd-4e6a-b1dc-d66b7bfe6495,extrinsic
ff266d2f-1953-497b-bdbd-73db8e5bf3fb,no
eface85e-490f-496f-b36d-6d9062043e1a,no
5e434da0-7177-4660-81b1-703cabad12d9,no
8b485900-29d5-4142-b34e-ab2f7ea34588,no
5348bc98-c7a2-4299-b255-4a816db123f0,extrinsic
f0a2b7ef-9881-417e-b5ed-8c1efe6339b3,no
79aa73b2-43c0-49aa-b09d-2ad69a9114ea,intrinsic
148ed0f7-38f8-4f9e-933b-4064bfdb936b,extrinsic
f8ae53e1-6de6-4bf0-8df6-50481f004522,intrinsic
8642275b-1f5f-4059-a841-f61ee8be7f1a,extrinsic
a880d85d-ccd6-4b88-8eb3-39883f22ee9a,no
70047471-e61a-4adf-b3bc-72f80b7bc41d,intrinsic
1326ad1c-deba-4ee0-aff6-4578bb7afa9a,intrinsic
c1ab224c-389d-4841-aed0-e8463c255d60,extrinsic
21ab9913-7231-4614-be33-1a8fe7b3e927,intrinsic
c6e0667d-9f17-47a6-a697-f82ed3bf20c2,extrinsic
e319c3a5-8bd5-48dd-b109-fb7482291e66,extrinsic
c87bd0eb-5a2d-4a0f-99d9-9d4433533c04,intrinsic
d5a05589-5874-4885-8ca0-38862eb0f5d9,intrinsic
c39c9bb2-0d1b-4923-8ba1-c53f30d44f56,no
fd7c8851-9b09-449e-a908-da30a67b72be,no
5a9a3a35-c160-4435-a8c1-fe802cb0d6d5,no
7b797757-88d8-4a31-9ad0-ade3f84dc6ee,extrinsic
1599c52c-a003-4061-a65d-7bb24bc966d2,intrinsic
08887215-39ff-40db-a99a-ac8eba4a29e1,intrinsic
0c66841a-3652-46c0-ae82-a261c9b37cf8,intrinsic
85a4a28a-56d5-4c51-ac6e-d1e692070b84,no
269c12f7-2b5c-4176-9858-c2a463c7d7e4,intrinsic
8e82b36d-9c9a-4745-a5d5-8e8dccb07d09,extrinsic
212b0544-e187-41fd-82b4-e951ec2c4911,extrinsic
b91afedf-8533-4cd4-8b19-39cd0d53d28a,no
4ed19ec4-17fc-4611-88ab-e7d09b9f53b9,no
beff2ef4-5cd0-4257-b141-24ef3289c764,extrinsic
9a3b748f-877e-4218-bbe8-d2e65b9714f5,no
9fa3be78-40f5-466b-810a-582ad75b0191,intrinsic
e20e0bf6-2f4f-4e36-8859-51cf49e03901,extrinsic
435f694f-1a8d-4e15-842b-f54c45449104,no
bb429ef7-d2db-410d-9661-a71630135e5b,no
1feddefd-308e-43fc-bc36-7370cd344f0d,extrinsic
0c8e2e52-5ef2-418a-aea0-55b62aec0fb9,intrinsic
1e2a9586-78d5-493f-9ddc-0d1d4efbe7ba,extrinsic
9180c52d-d906-447b-8cbb-ec3fd30c7aaf,no
7648a5c2-c40d-4801-8dc9-6f230e24cbdd,intrinsic
75633504-8beb-43d6-8984-17dbb7a534b2,extrinsic
b784d885-6631-4f05-9f03-e5e75353dc6e,no
f72ad7f2-73bf-4ffc-8e3e-5dbc7ee2872c,no
7f7406c7-a5d3-43d7-b57f-ccf293b32ea5,extrinsic
db26192f-d6e7-4fa9-8574-4dcde374ad35,intrinsic
f617824d-4cb3-4bc0-8882-adf4b743b6a4,intrinsic
744b834a-98fe-4bce-9552-1b3640ed4241,no
48efbc08-0548-472e-a13e-02f8bb430b22,intrinsic
a9efcc57-e52c-41be-8a4d-029884c84a11,no
5b8b1bdf-0361-48cb-a360-920e8ae8d4ea,extrinsic
87c2023a-732e-4515-9eb1-2ff2a475e8c2,extrinsic
5c77a1b7-0ea5-4646-99f2-73fd00f814f6,no
4509af84-d1da-422b-bee8-b96a4a51e61a,intrinsic
15e80696-92e1-40ff-ae47-6480a5310c40,extrinsic
29d6d03f-b6d9-4c8d-b093-e7d505a40937,no
2f95eb5f-7adf-446b-9e6f-d593ef07fd03,intrinsic
345e073a-746d-4e56-9f42-464cb8a034ec,extrinsic
5474bead-829b-411f-9743-f02c5833e45a,intrinsic
fcca4e9c-965e-44d0-a0f2-7014b9e1f8e8,no
f907147e-6785-4fe0-9bfa-39d9a59f7ed9,extrinsic
aeb61034-b0cd-42e1-90f9-b139b1077b8a,intrinsic
460fd39b-f5d6-4127-932c-2b0c907920ff,no
dffcb5d0-a886-4610-a2ae-2024b9cd77d3,intrinsic
8864a341-b6aa-439f-b864-876cc31b568f,intrinsic
625f81a0-a945-4e17-a42d-3e9b3dd557be,extrinsic
d85190d5-72cf-4e13-a335-7af3a6a067be,intrinsic
fb5c6092-f062-40ca-865f-1458c6494c43,intrinsic
0d3caa7f-aa48-489d-94b6-6114b535178b,intrinsic
ba65d035-c8a5-4e55-a862-ceb9d0dbceb2,no
50da7e54-9d5b-4a60-b526-28c819e13e1f,no
cf0e183b-5a73-43a6-9a3b-1d918076e096,no
7dc838b4-1328-4e5b-9d9f-bfbbd688e058,extrinsic
9dc2e827-cc6b-4ebe-a880-44803ff03ec0,no
6fb3e27d-3c55-4056-973e-b1c2c18f2d77,extrinsic
64f18426-6c87-4b7f-8464-6fb3b5edd5cc,no
2e01fb6f-68c0-4187-bd56-5656adefc6c6,intrinsic
4ef2a022-083e-4890-86f8-c35719ffac89,no
a543f3a0-cc6c-4aa1-a258-49ec94933317,no
3278102c-266e-4ace-b1d7-a415b74324ef,no
08ca2951-b138-4dfd-a224-ca4658c66ad9,intrinsic
7f21963e-2f6c-4c02-b42e-60aa75f380f5,extrinsic
84d289c7-b1c4-43b6-bd76-fc883bf39c35,no
8ac8af7e-f448-4ade-8cc9-ca25742af526,no
579bd17c-0262-440e-95ea-ab6faa479ea5,intrinsic
9de1f68d-6ebe-4fb4-a2f4-77d0b75b89f8,extrinsic
2a71e884-5fb7-4acf-954a-2383172f673d,extrinsic
40d461d3-a23a-40ec-be0c-17b8179a19df,extrinsic
55fd9174-14a7-4dd2-9111-ee5efe81ab5c,extrinsic
aebb3fa0-1fda-4397-b850-a8c9eb689512,extrinsic
a4d57360-09de-4580-aed8-d9e8cc736546,no
9a2275e6-4a12-42cd-a07f-a8dfddd8ec52,intrinsic
4039091a-8657-4368-92b1-9dc8c1b8d373,no
7a11ad6a-6371-408c-990e-4aebf04e01be,intrinsic
a7fef3c3-0b71-4cc4-9299-0700733bdd81,intrinsic
e911e617-1241-4fc8-a316-1c7f6b65aeb2,intrinsic
4861ed3e-c619-43c9-aa40-11d39c82f8af,no
b6b52fda-9423-470a-95e8-7f335b5692f2,intrinsic
d1731982-7297-4df7-bb89-829e7cc7848a,extrinsic
835b6b31-e4fd-4847-a6b4-8d18144f6284,intrinsic
dc05af42-1825-4d96-9fab-2436fdbe8d58,extrinsic
7b518f0d-94e6-4134-8fe0-6dd89dc23e73,extrinsic
e354df77-889f-4ece-a9f0-ca5d9229d70a,extrinsic
ec061eed-f792-4abf-9d38-19ca8290854b,extrinsic
9ff2564a-f654-4b60-917a-ed166240109b,extrinsic
409dad63-7912-477d-a041-e7feceb8babf,no
3f290d8d-9717-418d-9521-ede34f39d773,extrinsic
721eade0-4d70-4ab6-9a9c-ac217f51778e,no
e481d73a-fdad-4986-b885-f8b8eaf8b9a7,no
03a57447-5f8a-441c-8fd1-0a954c6e5ce2,extrinsic
bc12829b-dbad-440c-8776-d62a04428776,extrinsic
91636e28-b41a-4afd-9da6-91e3041515bb,extrinsic
750c53bf-6e4d-48cb-b0be-7ee3d8895435,no
80e1e0ec-96ee-4304-ad75-791a7f68dc56,intrinsic
0df38ff9-0605-49d4-b06a-385a34a44f93,extrinsic
a485626b-375b-4610-968e-a410fe78793e,intrinsic
2e43b231-415f-464e-b7a2-537461602a8f,intrinsic
f4e12d55-c25f-4881-97f4-bbfde6bea452,intrinsic
a0a1c014-4a44-4f2e-9680-1ee6d71f22aa,intrinsic
406f1cab-78f7-437e-9e00-a720d5495623,extrinsic
8863cb4a-916e-4b32-af89-0271fc78afb2,extrinsic
b7a75d2e-7eb5-4768-a314-42b2d4aca652,no
c3435411-0cd5-41db-b5dc-b27117a66535,no
94719adc-542d-4885-b1cd-c7e6cbaae964,no
09b8bb20-73cf-406d-9555-92893d1e7707,no
668e085c-0552-4e9f-89f2-7dd87471a2c4,extrinsic
af99350c-176d-48c5-b8ff-86a268b0afb8,extrinsic
227bff49-6dfa-4cf7-b1ec-40155ab3610f,intrinsic
129ca76d-d9b6-487c-b75a-695f64f7e5a9,no
90e65b1f-53f9-4c8f-9595-60d5af1a68d6,intrinsic
28b693d8-115d-4826-8399-de40a55b6994,no
c2b80a07-d1b9-4fc4-9f8d-68c2b00960c8,no
c79bc102-ed0f-4a58-89be-460a10d518c5,intrinsic
515bcad2-3b5a-41bc-bda2-090db5743547,intrinsic
49a87fa1-9abe-4d5b-9a2d-b538e0cddd05,no
02339202-08d0-4072-b5d3-5ab9aa58b8da,extrinsic
159ec474-8b02-4ba0-8374-dadcfb3af6a2,intrinsic
cc700ca3-f011-4eff-ac7b-0f236c1ef1ae,intrinsic
d5517b9a-02d9-402b-8432-ace32c3553fa,no
edfef1b9-397a-4cda-a92c-5de7e2857bd4,intrinsic
1d6549a0-5610-40b7-97f3-e04af547e8db,no
53140f3e-30e6-4f6c-a8c9-24591720b982,intrinsic
dd4b8f2f-ede5-433f-9e41-e5ddc8d25718,intrinsic
3eabdbff-f1c0-46d3-bf1c-918687b1b44a,intrinsic
6da7505b-4efd-4cb9-b13c-13a428455ea7,no
d79fb16d-92a5-41aa-afab-8ca8d2e8bae6,no
e0951d9f-4c2b-43cc-a70d-55fd78f98d39,no
f4d5d866-2813-450b-8895-cc2af2dcd3ad,extrinsic
792cfb11-e796-4f41-b4f2-3700f9d31a40,no
9e0f82f9-3512-4ee5-aaec-2ca5d17274d2,no
747e31a9-40c6-4281-8c40-b7544cbb0839,intrinsic
bce53a56-515e-48f7-8b73-123c2972202e,intrinsic
86640136-d727-443e-8eff-3eacf8546341,extrinsic
4cebcbb9-f851-47d9-aa24-21149b3387fd,no
11bae899-6f47-4c91-bd64-c1768abca0cb,no
49fae2eb-f807-4cfe-b05f-6a66830dbc75,intrinsic
63b04f64-b2af-496e-a540-230017411de0,no
0d5651a9-4adf-4e40-b911-77a2e829e4f3,no
5454d0cb-1415-46df-b8a7-7f795cd3da64,intrinsic
a2f3d12e-9d41-4239-8984-cdfbc57f9f49,extrinsic
c1a715c1-9fbe-4897-8912-aa5306b7711a,intrinsic
fff8b237-5029-451f-93a5-dd141328d552,intrinsic
4b21cff0-4f47-41ed-a74c-a38161c29e7a,intrinsic
5ffb6f16-afb1-47f3-b5e1-2afc092be792,no
9abdc68c-c19e-4df7-bb94-a51c88e6a2f4,intrinsic
1d05be6e-650f-4325-9e80-58cd54e7ab63,intrinsic
5b78fd69-a6a0-46e3-934e-ad50971f53ef,intrinsic
995ff64a-8848-49b2-93db-eb4a9302fb7d,no
f1674eeb-1b0f-4977-9085-5631fcb9372b,intrinsic
a4666823-497a-4446-89c9-978e46321b30,extrinsic
ee6c6839-b74f-4f81-96b6-c58510e491fb,no
d522c955-c738-4566-96bd-7a4a21b79b62,no
cd0dbdef-7e52-4ee6-9ad9-fe0b273f696e,no
6e3cc375-ab6c-4e17-add7-97ea51ceb271,no
907582d8-0261-477a-822b-497f1d4f4928,intrinsic
810a7732-5b2b-4dc9-832c-4b883b6acea4,extrinsic
a3d5b095-6c0a-49cc-b193-586b48e80007,extrinsic
1fa0a83d-5b14-4bae-9789-fd21221a35b9,no
720d753e-62b3-4819-854f-92a79344b52f,intrinsic
e4ec66a0-87fa-4f7c-b00e-7d88d6026fa5,extrinsic
f7e4b547-9cd2-4f86-b104-36f3a48db7c2,intrinsic
05fe4e7b-3ba8-4e02-96d4-39102a91e803,intrinsic
b2f90b32-9299-4ae2-8460-09970ef01dd6,intrinsic
1282bc8f-04e0-49da-87e7-ab8375d6227c,intrinsic
db6fe9b4-2581-4c0b-b2f8-037f3de518ae,extrinsic
dbbae14f-5324-4891-a2ac-97cc38eb1d7e,intrinsic
1338c2b5-89d0-453e-b61a-8d69fa40a729,intrinsic
e8fa50e5-bc87-4303-b690-74f91c67b4da,no
96402b87-15c7-4a7f-967d-b831ee4fb1a9,extrinsic
bea51012-7fb0-4cf5-8842-8b0bcb2fa15e,no
867c165d-6bc6-46e8-97bc-ef713c9d5e6d,no
4a178456-1bc7-4fe3-8590-5c7f5493aad9,no
6e8f6563-1a98-4fb8-bc0e-1cf59ef2ba78,no
fd06ecd2-2b9d-4165-9c9a-b7609fbaa035,intrinsic
a85c2485-89e4-4f35-a78e-a57e767b91ea,extrinsic
848f437d-8d31-412d-a671-a9797c0b1111,no
af5e144e-9a70-4f1b-89ea-5174fa4fe8ac,no
e5f86547-e546-418f-8752-6a0a84f06bf9,intrinsic
9690ff2b-05ad-4921-ac84-20f0f04e2733,intrinsic
a41b1fd8-2469-416b-8073-0dc92738094a,no
e11b24c7-bf55-45f6-8784-f6e6887c3733,extrinsic
29280006-b7f1-4222-8e57-2b6714765069,intrinsic
4406d5b7-29bb-4bfd-be17-2f4201bef725,intrinsic
8cc4ae2a-99d9-4b8b-8105-5030a10e013d,no
b7136219-8def-4e1f-b7af-544ce6a9d5ac,no
f16a4605-05f1-4fdb-9178-7454fa40ccdf,extrinsic
97a621f7-9972-46f3-8c5e-982baaed0266,no
a7449027-82aa-40e0-8aff-8220fe5938e4,no
2aad3589-70f7-483e-9eef-f6d44a1b8670,extrinsic
23030779-08c2-444a-9e11-045e2985ca6c,intrinsic
8cb12484-4f42-42d0-848f-5a28269196f3,intrinsic
a6e4dc52-0edb-4995-ae1d-51631d8188dd,extrinsic
9e821585-5007-45b8-9971-8c773ded8627,no
dc5ca6e2-1ba9-418d-81be-1057fb9c1fdb,no
e6d98486-f9d6-432f-9dec-f069efcf1e5a,no
00eeec40-715f-4dd4-86d8-48f3cb873d81,no
5120a3dc-6b81-4f1c-a600-e5759025d15a,extrinsic
e0531cf0-96b6-4fd8-8cff-fa62018a32b6,extrinsic
b7a14e5d-023c-42bb-ac3a-06a9bd454bf3,no
6273d14c-d256-4dff-9516-a8cbfb820d6f,intrinsic
6d4a220a-991c-4465-a1d4-7a6c42b65114,no
1121d935-530f-41e1-b9ec-3315863cfcd4,no
7e0db643-078d-4043-89d6-dda7e4dfe657,no
eb9d24dc-8435-4518-a9ce-635069f83bbe,extrinsic
af98ebf2-abd7-433c-b650-f9d6bbce7075,extrinsic
220cadd8-f8ee-434a-ae44-d81abf03791b,intrinsic
d9666f21-dbfd-4f2b-a072-a1eac45c3a91,intrinsic
ae3105f2-e23e-40a3-8754-6b16c3e0cd22,extrinsic
80838c0f-ba50-4d91-86c8-f920794fc011,no
9e81f0b6-022a-4a4c-af45-1933fd065623,no
10521bc4-24b0-4bb4-8737-f285d8d5eec4,extrinsic
d80fd56d-3342-4a07-aaf1-5b1105ab53b4,no
da12b96b-deb3-426b-88bd-ef53c7538cdc,no
7b989ad4-3f56-43e8-a19a-2154a1232143,no
52e31510-a07e-4844-b457-f0403d8737ab,no
c6fb30f9-9fbd-446e-b1ab-4a1123e17479,intrinsic
f7ace603-b315-4bf4-baa2-99cb0dd30d7a,intrinsic
30181620-9302-425a-a1ae-527b220588f9,intrinsic
bf43b741-c7fd-47bb-954e-0be7205921e8,no
49d43dbc-ac11-488f-8ddf-d593de031000,extrinsic
31801741-0e37-4202-bd93-5fcf4cf5b662,intrinsic
e3b0bbd4-7149-4e53-be95-8c2de20caffa,no
53653c9a-27eb-49a8-9980-8b1029207c07,no
ef1e5ad8-3605-437b-a724-988fe74c7983,no
d2acbd62-362d-4509-8995-49b7ac346c57,extrinsic
f4c0f7cf-0fcc-4e60-978f-f4b4e56c0500,extrinsic
8333202a-6dd0-4e62-b182-8387edd7886b,extrinsic
e3c0e21b-39b4-4c1b-94c4-fb531e68581e,intrinsic
a019cb54-50b6-4168-9c69-b028603e0c81,extrinsic
c932d079-ab39-43b5-b421-2520ce6188a3,intrinsic
9eb2514e-dd8d-45a7-9907-952c742ee742,no
aea60030-4a72-4bf8-b12f-1a002c7277cb,no
115c0224-5089-49ce-b44b-c6f0888fb8fa,extrinsic
2708c220-57ad-4a6d-a2b2-e9a7575657eb,extrinsic
ec1a7f3f-ba68-4447-8d6a-6abc63cbfd19,intrinsic
7bf12b3f-c309-4765-b17f-b4c1e5321d88,no
74498ffd-ab5d-4843-9f5c-b40dd0dca02d,intrinsic
36ad6759-9779-4734-b560-047baff173fc,intrinsic
234c1936-b2a5-4fa0-9b75-b29b8b5def8d,extrinsic
9676b35f-e8b0-45bc-8de1-929f3cdf1fd4,extrinsic
961ecd76-1001-44c6-a8df-67e7aec77828,no
0028c3a9-1beb-4644-8047-e890aa8680c8,no
4684397b-5ee6-4bcc-81e4-853563326ef2,no
a49b0eae-916f-489b-9296-d9cc7ea92af5,intrinsic
0a2b76c4-7e0c-4610-943e-6b473b62ae3e,extrinsic
9fd9bbc8-99a6-4256-9d70-a74befaa7414,no
52869a17-efe0-4fc9-a93a-ed852229e0be,no
5ead56e4-3b9d-4da5-b79e-11770efc158a,no
ff48052f-4717-4e85-8823-f754b9f3bf25,no
b79178d4-afe5-4450-8c71-671f4e5c5275,no
5ae0aa8e-7889-4d54-912a-3622e59dd57e,extrinsic
2a98c6ac-386d-4eb9-a3bd-43b3b56c69fe,extrinsic
7ca439b8-2103-48d3-822b-4f3a496f50fc,extrinsic
b96195a3-7282-4e91-92ee-c77a6e60c430,extrinsic
233a04aa-fdec-4f16-8266-f5c2f819fb2b,extrinsic
cbfe7876-a746-4021-a3e5-dafa7279e1a5,no
ffc58416-c1c5-43ec-a707-a5e55354c53f,extrinsic
3c4e358b-b79b-47d8-85e8-d9a32b1278f0,intrinsic
7e0de668-932a-46a8-93c8-b878af3ba211,no
3281bf96-b99b-4a35-bbc5-29938fc4d5a5,no
36332b9e-6fc8-4921-82f0-153cfa50c03b,no
4eb72eb9-aa85-4ecc-916a-839c03f3e12e,extrinsic
734b6aa2-a8ba-4145-abf4-025810f0287b,intrinsic
f86c35d2-191a-410b-922c-c113fd700981,intrinsic
4e9985bb-08f7-4b7d-ba86-1e9f361affdc,intrinsic
2cd70126-b682-40eb-a295-6496d419792b,intrinsic
c38fe6a9-2b19-4dce-b6c4-5f283751d7a0,no
85caef16-17af-4108-9cba-10ac49a30997,no
d40bcdd0-71f2-4f1d-8723-335f92d7af5c,intrinsic
1bc433a3-01b5-4237-b3c2-3150b8f532e4,no
01c5f374-8330-407c-9b44-2655d84e9169,intrinsic
8011d12f-42c0-4485-ab98-1ebc1f7f888c,extrinsic
9fc9c3ea-f5ee-44be-92f6-5ed7235b5fb9,no
ab7eb1e5-58e7-48c8-af9f-6d705a8b6de9,intrinsic
fed27f5f-b6cb-41b9-9c20-5fc5758d2c78,intrinsic
d35a2f8e-f9f4-4930-a40e-5958632b88b1,no
2cf0bd53-0d87-4d68-8084-626c893382c4,intrinsic
39ae8d6d-4e38-4294-bfa3-ff3e3c919f16,extrinsic
3e908cb8-d66e-4f95-8ce5-51cc2f1598bb,extrinsic
2acafa06-e549-4d55-97f2-8fed8dc2e523,no
97be4d7d-fd2e-4f18-a727-0a24b3c864c0,intrinsic
de68c11d-02cc-4b02-a282-94905c02c827,extrinsic
7a411549-92b0-42c0-a7dd-5772ff1c6e65,extrinsic
d7c8cc46-200b-431e-a580-ee5c320f3283,intrinsic
8192200a-ad9c-4447-8152-434e5b8dd419,extrinsic
c497b4e4-033c-48ec-8c6c-18518775e068,intrinsic
b09aa3be-b042-4eeb-a94c-01576565a4ad,extrinsic
5ba88156-4db8-4f7c-a611-bc34d31424d0,no
3d4c97ff-6c1f-4625-9446-65fdb309466c,no
371105ea-8981-4ef6-9717-9331ba883993,intrinsic
880a2768-7c0f-4e75-99c3-c0a95333eee3,no
b0d0ff8f-2089-4ceb-9a9f-5fae67b01493,extrinsic
e942b7aa-2d49-46c6-a42d-abb39025f1bb,intrinsic
ec5f795c-644d-4084-b5a1-dbf50677d271,intrinsic
3382c728-3b38-483b-92e3-bd028419d80b,intrinsic
6c0c8e52-712e-4571-9291-65a768dad5e6,extrinsic
256ce0b2-d90f-4a88-8421-68ad090e898b,extrinsic
9021ffc3-e6fd-44a1-8711-a42b1fdb2eb7,no
74c4bfbc-e114-4daf-ab6a-08acfbdf055e,no
f72e5e6d-fc3a-43d0-9346-77972c819d50,extrinsic
1fc98a30-ada9-4d06-beca-0a740284983b,no
5dc60ce7-cff5-41a1-bb50-4cd9fccb14a9,no
04f14de9-4a41-448f-a3a1-a2e7231919e0,no
25bdaf56-52fd-4df6-9e9a-d7c9f077bd4d,extrinsic
d0818000-4c6a-4476-a11c-33df96daafcc,no
e012f442-b6d5-4214-88f9-a7721c34afae,intrinsic
31f2ae14-59ca-4134-a830-28c95e88bac4,no
422bb6d2-7226-4b7e-aab5-a7b81f0bcfaf,intrinsic
363c0472-ede5-4c71-b469-e043fe493457,no
e091d1c5-e1a8-443d-9215-265b816f1d34,no
6766b6a4-df9c-411f-b77f-40166857c187,extrinsic
e109b89b-3192-4746-a7bd-e9af4137d181,intrinsic
d545f92e-ae30-44ba-b9e3-b923bd8f1404,intrinsic
8d4f40eb-a145-42a3-921b-9ba5519daaf9,no
161c7c49-567f-4f27-ba2a-1c4aa7a1045c,extrinsic
9b4b5288-e119-4feb-919f-8c44d6176aa9,intrinsic
814f5ac5-415e-4031-9eb1-c47da27e0fc4,extrinsic
80a67dd0-753c-40d9-9d0a-3ed935355160,extrinsic
3ec1ff90-6882-43bd-862c-268020b6c76b,no
7181445e-7ced-4e52-b973-81db14e7351a,extrinsic
7745852a-e2ed-44aa-a544-570ab7783618,extrinsic
6bd0b8be-364d-45e4-be31-bc3f7466b5a2,extrinsic
1476cbbe-73d3-465a-8a98-36fceee8415b,no
5e29bf44-eeb5-4e30-8ae4-2da707f9a95c,no
e3579702-94b1-49ea-a4c1-24ae4be12558,extrinsic
877cacd3-8a7c-41af-80d5-ba20248133b7,no
40f8603a-4d02-4b9e-87e4-3e4afb31cecf,extrinsic
b11ca2ab-b7ff-45c2-b4e4-5e68ac5fee9b,extrinsic
26303fad-f80a-4a8c-9724-b141f38a378c,extrinsic
6ee7b466-407c-4a35-80bc-c996b40d0588,no
5c79fc67-c5f3-47a3-98b5-45b0f7cfae1e,extrinsic
16124b7d-fba0-4a0b-bc2f-71b323116cc1,intrinsic
29e946a1-ee95-4be3-b688-ee91820cea43,no
f523c63f-8853-47d4-9129-1d8692d7d9bd,no
601df795-b1c3-4e44-8efb-2cfb2efbb907,no
a5d3d68c-74d9-4422-b653-cb1ca6a5b640,extrinsic
fac91a88-4694-412e-badb-2905558abd28,intrinsic
d2f05ccc-2d67-40bf-be07-3f606769f077,no
80087381-521e-495f-9394-f73a6737a669,no
6eaef7fb-4f6c-4ac8-8970-71a0681eaa1d,no
4d977830-a2fb-4075-b7f3-207a63da7a88,intrinsic
271fb36a-77da-4121-b641-b58e57ea7cd7,extrinsic
13819f52-0064-498e-9cd4-ac2cb6a45deb,intrinsic
7aa206cf-ee6b-4b88-bf6f-11f2b9b509e2,no
9693a67d-2759-4f9f-8612-09ea42fd8d30,no
e3e40c13-d9b9-401b-b123-714cd2f1585c,no
3dffba28-b72f-4148-a5fd-bbb7e84eb14c,no
d3067e2b-2069-4508-b469-e0eb2e207ff9,no
0b216ece-b48f-4548-b19c-893e97b78b12,intrinsic
d87a64f2-702a-4f20-8b5f-92cb8f6dc84c,no
87c8f07d-6141-4710-a0d7-605f7fe0ee67,no
b5641e90-36c6-4be4-9c03-450782e40dff,extrinsic
267b574b-b597-4279-83c1-9f6ad6bab283,intrinsic
1aabd56e-d7c9-4868-b5e3-189553661a9d,no
aecdb88a-10b3-43bc-a562-428b35b1119f,extrinsic
36358342-2a91-4c6c-a215-ead17d3df22a,intrinsic
d99a0575-cc61-489a-b07e-6b14492ca9ac,no
006ee32b-6479-4fad-b719-5aa2c319e4a4,extrinsic
68cf649a-7d90-4e43-a78c-181351dd125f,extrinsic
6c15e1aa-60ea-4663-b9d7-5d51689be2b6,no
179d9496-66b5-4ebd-96ed-7f2a42192f3d,intrinsic
3fd0546a-c8f8-41b7-9d64-e4cdc2527df7,intrinsic
85076318-2db6-4a31-a4d3-29752666f693,extrinsic
3d77da44-d65d-4be1-bba6-f953e5738301,extrinsic
3c5b420c-f069-4deb-b01f-1990d108e02a,no
067b5b0a-4694-401b-9116-e8d9c3b7a655,intrinsic
ab46d182-30af-4c26-8f6c-c1ec051d2ff6,no
62ea7043-0684-41dd-aa74-53b09d9fdadd,extrinsic
587b6e45-eb89-4d8b-827c-f2c31927ebcc,no
ce2b12d3-a25f-47a6-b998-1c7659a982b5,intrinsic
0376b7ee-22b2-4947-93de-513a7133c2ea,no
80d026cb-58af-4e39-9de2-415cb9d00ac5,extrinsic
fe802565-8044-4f50-bc23-43669a3c871e,no
1630a8ce-aed6-4cce-8fd1-c0880b967bb7,no
86094dfd-cd14-4b6e-a4ad-6a8588b7b957,no
da3f5b4b-fa87-4b40-8985-0bbff2b937d0,extrinsic
60de5d72-b49c-4dca-99e1-5b918e46f153,intrinsic
7209dab2-aca9-41a1-8e24-445fffc987ec,intrinsic
f5279dc8-ddc5-483a-87a2-367412ee043f,intrinsic
cde76375-5967-433b-b0e8-c13c14a6a0d1,no
a150a516-bd63-433f-940c-1f5d8cf4c7cf,extrinsic
573518c4-877f-4aee-814d-979e5169b7d0,extrinsic
ae49d7dd-769c-4c7e-b30a-95c5cfa0a94c,no
ac6d3f7a-d902-4708-b01b-871044e1ec5e,intrinsic
df2cad5b-cf1e-4005-adeb-c58648926659,intrinsic
3c790c26-db7d-474b-a901-355141da55d5,intrinsic
2a906df4-7bbb-4acb-8f1b-4e6afe58ec92,extrinsic
5911e8f8-54b6-4c02-8445-97cbf18f81a0,no
d1a92801-b5c5-4832-ae8d-d4f813462bb4,intrinsic
88f5b5b0-b6d4-4047-9d9f-2a7b78dc14ef,intrinsic
d06547ee-b015-4f08-b4e4-046139398805,intrinsic
c415287a-988a-44c7-abdd-fa040cb4227b,extrinsic
6b848d0c-16e0-4f9e-b879-e92de0393530,extrinsic
95902566-52af-4d41-873c-6806723b70e7,no
6ee9e37c-3bc8-47f1-9f2d-b49e924b67b3,extrinsic
d5a2ff63-1106-46d8-b4a3-f27ab4efc3d5,extrinsic
69314b22-dcb1-4bfb-9e20-a4aa4f91dddf,extrinsic
1331370b-6424-4fcc-aa6d-a2ca4334f3fc,intrinsic
b3fb7034-9a91-47a6-962f-70e3428f3cc5,intrinsic
9aa2ce05-072b-4a5a-9790-f4c64eba6378,intrinsic
b7ff5feb-1b3c-472a-aabb-edf05a3a401f,no
0e30be8a-6041-4695-9c83-cbcb65465944,extrinsic
fea14096-8368-46c1-9ce0-cc0891402804,no
56a0d084-f740-4639-bc8b-5fc5adc1692d,no
7277ff25-64c2-478b-b1f3-bbfe2cb02754,extrinsic
551318ed-c162-44e9-82fe-68ed0a7e8dd4,intrinsic
4aceb9da-5b32-44e8-a63a-73e30e59c852,extrinsic
9f28c8e6-3662-40b5-9038-cbe13232c732,no
d77df35e-31e6-478c-8a89-5d626fdf2f45,extrinsic
ed846b18-abeb-4d34-bbf1-9dc4be47a017,no
15013a56-311c-4f6c-a629-e2291aa6e5aa,intrinsic
baacdf79-2722-40f6-9452-c75a9c698217,no
86ebd7ae-6b30-44a0-8ea1-aaba7bfb7b7d,no
a19c8fa1-0df2-49b7-963b-c118d2849298,intrinsic
934689fd-fc52-4680-9ab3-e83f8190774f,intrinsic
66a03af1-1b3d-4944-9692-56c1c141eb87,extrinsic
3ed7993d-f5d5-4a13-8d71-7af37630306a,extrinsic
7b1b4c33-0d7f-4b83-9e73-0c1107bd3763,extrinsic
218ecf74-72f0-4a8c-8c7c-c6dd5dd23cbc,extrinsic
be2b87b2-615d-47dc-aeba-2b330a2c9705,intrinsic
b02e1c0a-e572-4e27-9043-dcde052ed5fd,extrinsic
aa29b371-98f7-486a-93ff-e5a61e347509,intrinsic
49db46e9-caa2-4367-a1f1-e1ac530df10e,intrinsic
f5b68402-0bc5-4e13-8226-473ae072004b,extrinsic
34daab8c-f9e7-4aa9-a1c8-3df45fa0dfbd,extrinsic
ad964faa-1c2a-4c95-910b-cdeaf453bf64,intrinsic
d17be060-7602-4f6e-a2b3-f801ca21ec0c,intrinsic
68408fc0-420c-4e28-a04b-53bae3aef00d,no
937e5af4-01c6-4642-888b-272fe7f36269,intrinsic
c6560e86-abc3-4f47-abc9-a094ca50362b,extrinsic
1fc4663f-5bae-4b3e-bb85-ca0f16d5fcc6,extrinsic
61e5d4bd-d75b-4fc9-8981-89770cdd7056,intrinsic
a1166d6a-b999-43f4-b6f5-2c003d7530e9,no
8964e1de-1810-418d-b0e9-2e94d01884d8,intrinsic
1e791b8e-0738-4ebf-82ca-76c7c27a638f,no
ada26a0a-b42d-422d-a163-359420faf3a0,intrinsic
52cea95d-ff91-4592-90c4-8a4f9964e1e0,no
4e32bd63-a233-4c98-b812-01096e4c0c77,intrinsic
6a58cccf-dd00-4ddd-9d72-cdaf0a6690ae,intrinsic
f37d3e00-7928-43b7-bb38-a0c68da6f8ce,no
16f82c45-9471-4ef2-826e-c0bc066b888d,intrinsic
7fe4ad6a-4177-4b4e-9818-3f366c7dda3d,intrinsic
b401aeab-b6d9-45f5-87ad-c586b4675975,intrinsic
2e3c37c0-8f70-4c8b-9288-bd0fda0dc845,no
a2113ffd-d2f6-4d84-a2fe-13d7f2e16ce6,intrinsic
1ac105a8-fd68-40c3-9067-8aeb99691877,no
c1a6a48b-d066-44fb-964e-36d6cd331fa4,no
36c0bcee-7644-42aa-a3c8-39a0f9c09936,no
3c8fd278-b19a-4eb5-9bd2-f8f2c5e0fc6f,extrinsic
7e1cabf3-8db4-43df-8fe5-2dfe07042b22,intrinsic
12e31de2-a9d8-496d-a1ec-dd5d48fdc84a,extrinsic
ddf89aab-f82e-460e-9451-bfed40382e07,intrinsic
a4e55478-e7a0-4b88-9cbe-5aaa2516c2e8,extrinsic
9ce39a82-70a3-4951-a14b-2792503a1f10,no
14408cea-b7e3-4a25-9698-3aff0673913d,intrinsic
8760abd7-e506-4eab-b05f-3e517bd904b5,intrinsic
3271d9cb-cb7a-4d22-8fcc-75838bc755b9,extrinsic
0b700f42-7cb0-4020-ab98-ab8f4630ff0c,no
947921df-d4fb-463f-bd90-5059224bdc9a,no
50087ef2-a290-40b0-afd8-90c81cbbe076,intrinsic
3604d903-cfb3-4ab7-badc-0eacd5a49bd8,extrinsic
7ab02f2a-bcf4-49d4-9051-04ddafb4d8e6,intrinsic
de91cf50-8271-4551-94cd-ee7b4448510a,extrinsic
dc56bac3-2472-47a8-b54d-5e92e1ac297f,extrinsic
05bfc4f0-4f19-42ce-9b76-5ff12c87759a,no
daf84e5d-69f0-47a7-aed5-ff10de51418f,extrinsic
4b179cf1-4512-488a-ada5-daa41b1da741,no
be8f8a1f-b0d7-48a6-a5e5-fc1e6dc1a51a,extrinsic
b9c7999d-3aad-46ab-94e2-0c0d82fa0868,extrinsic
3be6be4d-6c4a-454f-bfba-1bb94cf61a10,intrinsic
b3690825-e19b-4355-8b84-66b58a269bd7,extrinsic
15ff465d-8d4b-4669-9352-b74683bf0632,no
4081e8dc-49c7-4f73-bb74-4b92f68b5f36,no
e10c4dc0-bcee-4260-80eb-4fa1435a26c1,intrinsic
d594400d-5ec0-4e55-8224-c413f554998a,intrinsic
10a11137-9c3d-4db6-a31a-65541034a36f,extrinsic
8325320e-2ea1-4a8b-ad3a-2e050a6e9b93,intrinsic
1feac394-314b-42a2-a770-44b79a8adeb5,intrinsic
0b1308a5-2af2-4c5b-9605-634158eee630,intrinsic
6ec1f3b1-6240-43b0-bb16-f62d835b6ae2,intrinsic
54b773eb-4b95-4f68-b380-4e9cb33bbc40,intrinsic
174cb154-418f-4d61-bd99-f85738db5d47,extrinsic
55e9cb6a-dab8-49c7-ab53-a54558880b86,no
fef5f177-9466-4404-a528-3f96e472ac91,intrinsic
39a106df-8cc4-4e1c-b726-dc1c3dde2402,extrinsic
9fad1b43-e5cc-4ebe-a094-0c6cdd021a87,no
191575b9-035c-4b9f-b1ce-92283f28107c,intrinsic
a71a96bc-9ad5-40ad-aca1-0c4ec86248b3,extrinsic
7f6fdf55-a4fd-4fe6-876b-b3518790e6d5,no
9ab4c0fc-42e2-4422-8538-9cc7b448b9ca,intrinsic
b1c4c790-c131-4965-96c4-085cd6734f1c,no
bbd13e7c-19ac-4f16-a911-3afd746f37a8,no
4e990b06-3da0-4e53-afc0-413db4e4e28b,intrinsic
44bc61de-5f3d-4e57-b8d6-4021c27b9dde,extrinsic
e7050e8a-6d51-40fc-8996-6ee957f02b4c,extrinsic
57852058-4f16-440f-8f79-7bbf9b88612f,no
e839b1ab-6cd9-479f-867e-014207af9838,intrinsic
ae8531c0-3264-4510-b451-90f159adf25c,intrinsic
14fa222c-2701-475a-9709-e004956542d4,intrinsic
401f1fef-4405-453f-9a0f-354b45735f9a,extrinsic
20b2d399-775a-4b55-9a1a-93de79bad81d,no
5494be58-0f90-4bc6-8e37-95b0026bb64c,extrinsic
308e1535-4461-4a21-972f-a592e4f98f42,no
022381b5-5178-4a86-9222-b5bdbf7d15b9,no
ec037d97-ff49-4fc3-b0a7-161b5f48f487,intrinsic
e8b41859-9b4c-4705-9198-f61446846db9,extrinsic
1b4b9572-abe7-46fb-8e62-c76bda9ed0f7,intrinsic
3b2ab2e5-30fb-4434-9f24-5d6c37ddfbfe,no
125d5ed0-d219-42e4-91f9-083bbbac256b,no
395ef650-d416-479c-9e21-4d6acea8af9a,intrinsic
cefc90d2-e2ff-4c62-a75b-7f29667c3f5b,no
8bd99315-c930-49f0-9e43-79003fde18f4,extrinsic
b4536997-cf7a-45d0-920b-232f319a517d,no
b0bae080-faec-40a1-9b6f-3fb1a3fdcc9b,extrinsic
f7307ac9-2def-4957-9afe-061c9caaf565,no
17ec101c-f2c6-471e-a90d-e99a81c1651b,no
6d937978-4e30-4d97-8d53-f57d0345157a,extrinsic
5cf6ddcd-23c9-4816-9612-a02255a3af20,intrinsic
6462c650-c66d-4710-acfa-31740c1ae2b8,no
21dedcba-bbff-4b45-8ab4-08e4d2c981c4,intrinsic
6b546bb8-40fa-40dd-bda3-0a9b61360184,extrinsic
9f94728e-c3f0-44ea-88c0-a7c9bee44eb9,intrinsic
d3b6f99f-5b6f-4bc3-b3f8-6e50478e92c9,intrinsic
bc668fb3-68a0-43d7-abae-53ad9b39f34e,extrinsic
39f5044b-18e0-42e6-b401-1bcdc174441e,intrinsic
8dfc6aa6-b5db-4bc7-b8f0-fc1a87f1109a,no
2e6779de-c383-4740-b753-cf4dfefc6bd2,no
1cff9bd6-be08-4932-9c00-9a5ff8e0280e,intrinsic
37bd6465-31d1-4e5d-9061-7e37a437060d,intrinsic
e5a3d8fe-70ed-4b60-b740-f8da3a9f2e32,intrinsic
3e7c7e09-e0f9-49b5-99fd-a7a58f78e488,no
31b93fe5-a508-4c40-81b0-489dcd0c5b81,extrinsic
3230d6ca-2466-4e7e-b7bb-4e6368007135,intrinsic
0395ab85-ea58-44df-84b9-edf4dc20f1b1,intrinsic
53604ffe-d918-44ae-815e-a91b99ee2ad7,no
2942e262-de66-4ecd-80fb-5bd5f2b7abd4,extrinsic
831e3656-cdb2-48ef-b21e-94e237ff3c7c,intrinsic
43ba8532-333b-4f15-99a8-170526efbc1b,intrinsic
6889d1a6-c944-469d-85a6-b588ce1b0e4f,intrinsic
b0199687-1026-4c26-9350-23f02ad22157,extrinsic
612eb4bb-8b6a-4afd-ae10-ba8cae892d22,extrinsic
48bc9e6b-e6f7-42b2-9310-4bf3b3d366f5,no
c0ac5c80-3f71-404a-81af-dfd5d3b93e1c,intrinsic
996cf9bc-6c3b-4671-8bda-6fbb2c1449e2,no
2a8e3ef3-f2e5-46c3-a31e-89f18c0491ff,no
0109c301-0043-4786-8a75-2e1987e1ad10,extrinsic
be09e8a7-fd75-4a68-b9ad-5d82cfc85c0e,no
7e647e32-2bd2-4b76-985f-7318ce0ebe12,no
dfc17525-0cd0-45da-8898-6db454638042,extrinsic
4ccbc317-55f9-44b2-88fd-8b1b03cbb6bf,intrinsic
ee035f1d-37a6-42a9-bba8-229453ddc50b,extrinsic
a6ee05f1-574d-4981-b665-e12cd152a9b8,intrinsic
e056f89b-da6c-4d6e-9cba-fe807d4c25ba,no
6561ba26-e20f-4d81-883f-f2eb480a3c88,no
e07d2b68-a4e6-4adf-8b30-5bbdf9dfc35e,extrinsic
fd2fdc70-3580-4b2c-8196-8e99e4702eb7,intrinsic
2ead75e5-0d6b-49da-878e-767c0d9e79d6,intrinsic
7c6c6cc7-3d72-4f89-8730-57f1c838b86d,no
4caa73aa-4dd5-477f-a182-3663bdf16fcb,no
c5b26470-abb0-4538-8f86-5400d1f9e179,intrinsic
1c18fb86-9a81-452e-9bd5-b6ab5b122e1d,extrinsic
ed437425-d151-4fea-a992-82a2c407b94a,intrinsic
553e9525-8b77-4b28-9256-9f53310d53f2,extrinsic
302895b3-7a00-4e03-8733-282bda3ffe3b,no
36ea1034-dc3f-463b-8529-62fa678c00b2,intrinsic
cb48cd8b-251d-4cac-9b09-b4a0aacb5c93,intrinsic
57764fb4-74a9-4509-83a3-5a76f62e856c,extrinsic
f8bca1b8-f99e-4c85-85c1-1502eed03044,no
1cffdb84-c48b-4fa5-9f12-08443b4dbfa0,extrinsic
4164dd5c-3e21-4dcf-a2ff-860d3488808a,intrinsic
32b01996-4432-44b2-a6d3-eb99c77ec9bb,no
c9f0fac4-bc7b-46fc-aff3-8dcc0608e27a,no
bc6d3e79-c814-45c9-a625-a0ef45bc96e9,extrinsic
065db26a-fbf3-4d11-8b75-5c5bb9bf0de1,extrinsic
259ea647-e908-4237-85a9-8d20585fa3f2,no
a02626e7-8f5a-49ef-9222-a0b32af63128,extrinsic
7c38b926-1ba6-4799-bae5-84c4ce74ae45,extrinsic
3a2c71fb-2fae-4afa-9427-54ac8a924b12,intrinsic
5bd3c5f5-7036-436d-aacc-92733deda381,intrinsic
0e2da8f3-9386-4e68-b866-7fd0aa417930,extrinsic
72c9e0c6-f865-400e-bd21-a30c79221eed,extrinsic
4d9e8f57-b5cc-4d69-b6fc-64cbe90a513a,no
daa11973-487d-4536-88fa-158a73e82468,extrinsic
2976f5f7-cbe0-4eb6-8784-7d710471c66b,extrinsic
de944f34-c2f2-477a-941a-453a5a9f85a7,intrinsic
7182ee80-79d0-4cac-8fe5-2ced3661c3e5,intrinsic
07f16b9d-66e3-4922-afaa-7318afb514de,no
a7573710-23cb-440b-8076-e2638af7c82b,extrinsic
d5b3f9bc-e77b-4ac6-80f9-d336446aa9a7,intrinsic
c3707735-204a-4927-8b40-56119defb483,extrinsic
37dd23d7-6698-47ba-8b34-e2818bd63c75,no
31d82ee6-f000-4261-b78a-0db19692a81e,intrinsic
cecef64a-691c-4b29-aca9-ef33d7ee6c2a,intrinsic
45853580-7011-42b6-8936-7560ba5bdb16,intrinsic
eda754a5-35b6-4c05-833e-3825c4890c3c,extrinsic
64cba611-7ed7-483f-8fe5-42c03af635bc,extrinsic
f4bdb1af-3807-4406-8f43-338c6f4ebde2,intrinsic
8ec107e4-557f-4c39-bf90-643e36dc2a8f,no
64de99b2-7a80-4367-810a-d506f0bbe899,extrinsic
1800ea91-ad53-49b7-86ee-cf73607ae5e0,intrinsic
511e97e3-c3ab-4bc7-89d4-02fddc67e2ef,no
c88283a4-c09b-48aa-8821-271d0117e593,extrinsic
e4e83e1b-e689-489a-b7e0-ecc86bb4ae2e,intrinsic
4d2bed7e-fafc-4249-ba5e-e2ea24846a0a,intrinsic
6f41f5a0-d386-4e21-9495-4f6a45e9aeee,extrinsic
2bcd33db-7f0f-463e-a349-cbd56d95634c,no
e6163ec3-51ab-40ea-9656-c9dad58a0a39,extrinsic
5dbbbd03-184c-48f8-aac8-c65814c8ab10,intrinsic
022033fb-7bfe-4922-9f5d-2d44d9f97245,extrinsic
284d31fa-49bb-4315-a954-553463789967,extrinsic
6aa44814-acde-48eb-bf04-905a2773c79e,intrinsic
320552c4-fe3c-473f-ab16-775612896e5b,extrinsic
5d0da5f4-5662-4e95-8ac6-82e2ae2a8d7d,intrinsic
e8a6d6a4-777b-48a5-ad20-4aa9109ac8e4,intrinsic
43ce51c4-5381-4f2c-b5cc-796f9b1221dc,intrinsic
29431516-ee42-47f3-adff-0631c2df763b,extrinsic
c0d7e523-c3b6-48fb-a745-b8c249a4990c,no
3eb75792-0099-4419-a05d-40747e911b30,extrinsic
6f60fb26-da95-4927-b41d-d626bb753cb7,no
5d7a27d7-2a1b-430f-9fb2-881dc25d36ac,extrinsic
2b2a419c-21fa-4f69-9fca-aa4e7a056743,no
6849b81c-814d-424a-a879-79a46bde2eb7,intrinsic
19b0b78e-898d-4a42-abf1-4c2f5bad45d8,no
db5f9664-4ec4-41ec-9c5a-d0558ea3afa4,intrinsic
a75f4808-53b3-4653-b21b-46f07064adb2,extrinsic
9db612d4-5a16-4555-94c5-5d4beaf35cd2,no
afea9d9b-1d1f-439b-8f50-3deaaef8ccef,extrinsic
7d741dd3-1d11-42cc-ae9a-463bf17a8e01,extrinsic
31a7c86e-1ac8-489a-9805-5efa374ca08d,intrinsic
c74d8025-2d76-443f-94b3-336d5a664e66,extrinsic
70e7d462-d7d1-4eeb-bef1-0048ce063c4b,no
41026231-397b-4f2c-b420-6b19d33a658b,intrinsic
fe605db4-7822-4854-8920-b0b746a0e29c,no
f5b8155a-a426-485a-a6d3-45a22045bc1a,no
e590dd17-9294-420d-9cc8-4df556ac01e8,intrinsic
73bfe554-2a18-42fc-a83a-07be78d3038a,no
292f7862-3061-4544-9528-1b02d0859748,intrinsic
1849eeca-79c6-4e52-a56c-14c42f5469cd,intrinsic
b1f7c75e-57e0-4af3-8206-3623f6d9f164,intrinsic
dbfdd761-6132-454d-8f9f-d1f88afa52f2,intrinsic
e2dd0845-1f81-4698-99cb-c2470c29b5de,extrinsic
da74eefb-eaf9-4da6-af34-f071c6baf279,no
b64694ba-c015-4d36-973b-8afae22d2324,no
2bf60ddb-14f6-4786-a9fd-436b1b41f5c4,no
b9c3a485-f61f-47b9-9e5e-9a97bcece40f,extrinsic
51e8cc33-b355-4fe4-b39b-bde5bbaeee8b,intrinsic
1afe851e-a588-4288-9bae-6d7bda483388,no
3c0dcc1a-eea6-4467-9e31-6883663a307e,intrinsic
56467fab-c9cb-4b2b-8abd-243ab7d123cf,no
cf965490-dfae-49b1-832c-97d252710931,no
2870ace6-bfc0-474d-b75d-8e56367e4297,no
9a02d2ff-b777-4591-b109-cff67e1f78c7,no
c659ad85-60ce-4bed-a070-28b0b8704441,intrinsic
3e5329e2-4efc-4e42-baaf-bd32e056daf1,extrinsic
03e8318c-7669-477f-859e-e961cb91aa95,no
53bcb700-1478-4bee-a6a7-e61bda95ebd1,intrinsic
dc40c316-2b14-4106-b65d-068aa9badbd8,no
99866a79-a00a-4f9f-a9f4-fd4fd0267177,no
d4755a0f-2020-4b1d-9903-f2ea3fd5322c,intrinsic
21417288-4c90-450f-bcad-7b0490dd5a96,intrinsic
72c7f52a-e8be-4f40-883e-f129d9d51dc1,no
f5ac2564-f0c6-45e7-931b-3bc51bf1b944,no
75f35242-cbdb-471d-b924-db1c93cfafc0,no
2af8b229-9b3c-41f5-9930-b0a4d18632f2,no
d2ed46ec-d93f-4553-a747-c2babbcc997a,intrinsic
20d4faa2-d644-454b-a42e-5a84e8e2f09e,extrinsic
f253437e-3550-4095-ac2f-2c294b7b5d3b,extrinsic
e8d796f1-3dfe-428f-92f0-7534eeeba4d0,intrinsic
29d8877c-91c9-4955-b575-c46a9cdecc65,no
b1e5fcc6-0894-400f-ab7c-f5c389330222,intrinsic
81a2debb-6120-4d13-935d-87d1a0e8ef56,intrinsic
93bc0d4f-7792-4534-b9b8-473efc4ac8be,intrinsic
87bac3b1-ada8-4e3d-a367-3fc94cfba3f5,intrinsic
d50bf16b-ea00-457f-826c-f6f43646528e,extrinsic
b77ba486-b6cb-40bc-bf84-443f67b68412,no
633a6986-d566-4877-ba6a-1ad369b9fe25,extrinsic
fc1f837b-8315-492e-b847-e7be1146e842,no
f5152dce-8f03-4054-8883-db6bdcc70674,extrinsic
5938985a-7df1-4096-a235-a901e6b13c67,intrinsic
7e56a44a-efdc-4659-a290-0774b8b08df7,extrinsic
f627773d-3714-47e3-bbab-aaa03a20e478,no
4c5425ab-e127-4c07-8dfc-8e5fe144d5bf,no
607d45cf-6b44-42c0-82c7-6aa0e0dfb55a,extrinsic
db4bc937-b365-40a3-89e1-8bc34a6cc691,extrinsic
0afbc01f-6cd5-425e-b4d2-804109a3ebfd,extrinsic
063c15b7-9b53-4dd9-8544-516681c2c314,intrinsic
84c51a15-21c0-499a-ab0a-ca5af0c76870,extrinsic
fc5be590-f133-45e8-a646-536508da1139,extrinsic
4864bc5c-aa3e-4169-a0bd-ed8c52d5bbd7,extrinsic
1a4844fa-96f5-458b-9352-02805e4a3de6,no
672f2c99-2f58-4cbf-8aa7-a41717d00baa,intrinsic
07b640f6-b0ba-484d-92a7-864964a4b640,no
2ee147ab-4534-490b-8952-072d613b57d2,intrinsic
71bea72f-2847-46cb-8f2f-c43a2826ac81,intrinsic
5e970755-dd62-4661-95af-cfc8e9eb3ed1,intrinsic
698c479c-dadd-47c9-9bbf-4c70959c4067,extrinsic
7facb6e4-b0d9-4078-bc61-6d4c5a5bca41,extrinsic
524c94f2-76f5-4dd1-a2cb-31b494391ef6,intrinsic
2f512525-dd24-4f85-a953-8f2d0cbf9ca7,extrinsic
b463feee-a517-4b9f-83b6-d9333793d9ee,extrinsic
23ce0a83-5a51-46c2-84e3-28f64b5e01c6,extrinsic
a2b89d6b-a80e-485c-95a4-4778a6c4d814,extrinsic
31df754d-8654-4c64-b1ec-9988370f23f5,intrinsic
e67b0585-fbf8-49af-bd4c-401be474705d,no
d5acffa4-ee0f-4dfe-8a79-354477cf96d0,intrinsic
85e7e869-7593-436d-9d49-e247f54a11c8,intrinsic
08f05fad-237d-443d-ba30-70b328ee5d5d,extrinsic
55849bab-23a0-4807-90ef-8259ee8c8cb0,no
8bceb5fc-903c-4f2a-bae8-4e35f4a4c8be,no
59540a31-1725-4f5c-8f4d-fb8f7096606b,intrinsic
bd103db7-ef3c-429a-b5ce-3cabccb4fcd8,extrinsic
82c56bcb-4b39-4687-9eb6-1aeb8c93117c,intrinsic
503a32d8-bbeb-43c5-af03-955612494d7c,extrinsic
b39108be-c64d-45ec-85f4-294b7eac213a,intrinsic
7dd9a876-20e2-4b3d-8ddb-c9e3848c5721,extrinsic
0dce0be3-37ab-41de-8cbd-5253527a1283,extrinsic
56a10888-bbb0-4cac-b5c4-c0e6e2b13ac3,no
1056d504-ad3c-411f-9137-e75dbcd41fcb,extrinsic
218dcef7-e7b8-4ce2-bbd8-2580b34aa551,extrinsic
2fe2a9b6-3dd3-4063-8f0b-1334f1ba42c5,extrinsic
8b224da6-e606-43b0-ad59-41c11108f89f,intrinsic
8ea778d3-4a6d-461d-acc0-2d253b5e8647,extrinsic
4382fc13-3733-4963-8d9a-9d25293db725,extrinsic
e01090d7-a9ca-470d-856c-87261eb711c9,extrinsic
4ebccbc8-01b9-40cb-9457-ac0f78c6b18b,intrinsic
7a8de1af-6f4d-411f-99dd-ac55f8a6e280,no
55ae9a11-e818-4f1d-b0c3-81953361d297,extrinsic
cb49e108-bcdd-4ed0-b399-3124ee02530d,extrinsic
77268eb9-cca6-4c42-aa58-24a604bff01b,no
81821e71-1865-4f20-bee0-3f693b844a4f,intrinsic
3cfef7e5-e27c-4a8b-8073-b253b1390e0f,no
cf5a3b28-1540-4aaf-9f49-a88d30f1ff12,extrinsic
c0807dd8-7a5d-4d1d-b26c-ca2af145353e,extrinsic
f5155a82-d4a4-45f9-9970-49f1ff5121a4,intrinsic
0edeeb13-b778-4354-a2cf-3140399e4e90,intrinsic
cddf95b5-c6aa-4452-9544-c3fd0be80e22,no
b74e7675-f034-4dcf-a3fa-2c1efa8a6cab,no
16273335-3947-41d7-a738-1ffd7d3d60b1,intrinsic
24bda96a-373d-4764-bc9b-b9df0ace4457,extrinsic
36b5b178-529f-4d08-bd3d-a8c26158cd87,extrinsic
02941ea8-daae-437e-98ce-174665f33a1d,extrinsic
28064b68-3156-46ef-84e2-6d9c42bb4591,no
dceb718f-13eb-4ac1-b25e-fc32a7402e89,extrinsic
a59ca817-ecb6-46b6-9141-c54dc6b7bf32,extrinsic
c397688a-a235-4b12-a44d-90b9c0df4f98,no
02fe6531-a688-4fa2-aae4-f5343b06f74e,extrinsic
50f7abb4-34c3-4a4b-bcb6-9e88b7f326ee,intrinsic
a41d9b44-db85-4a56-aab0-66c9ee9b046c,intrinsic
d063552f-b849-472f-8e7c-283a73da3d59,no
cc06ca31-e1ca-46a7-8c36-1350bb866a48,no
d3e55eab-c9ee-4e2a-baef-151553244170,intrinsic
82536d72-8e00-4f69-8dee-05fac02f2930,no
5de046e3-f1da-4dd7-8dd3-3be147879b5b,no
aa590256-fbcf-4614-b953-53c8c92f53a7,intrinsic
011ec816-82ef-49dd-bf6b-be1c1f7a221b,no
5612426e-0702-4301-921a-73e0a1a2c34e,no
d476850e-dce3-46c4-b55d-f5f60679a921,extrinsic
ae7b1d0e-21cd-473d-8325-178bd017b155,intrinsic
9c625364-3cf4-4923-85ea-9b58cf44056a,extrinsic
37c4c1f8-1ae1-4ebf-b7c4-58f81c31b5df,no
3df04d32-2375-4b54-b948-3b87abfe3819,extrinsic
1ef9e01d-1933-4f06-b5f4-95a01a60fd6f,no
f66a779c-0929-47d0-8738-b6fc6a16599c,intrinsic
22e5ae6d-6eca-48ad-afaf-8dca037dec85,extrinsic
4fbe465c-df21-4469-98b8-969f21fab8c4,intrinsic
68b871b9-1ce2-466a-a4fc-1126ddd558a9,extrinsic
913f7056-93e7-4a23-970f-b7f4613d91f3,no
006d47a4-4b66-4531-a747-97c6eb1e92f1,no
a0dd475e-7948-41ee-b40b-d3ff01ad236e,extrinsic
de434933-3b04-4615-8fc4-19fa22f008f3,no
12ce71c7-6553-441b-b1f8-5a04cced4bc9,no
1d58941a-7fed-4779-9486-85735059a4be,no
bb5fa25c-7c62-4ade-8350-80328c10d5a4,intrinsic
fffa54af-59df-40bd-8ba1-3f2331bb2272,extrinsic
b7c8e2dd-3de6-4dda-9e8e-4324df84387f,no
1a9c5f4b-40f5-4097-9f1c-5f6181a6a580,no
304f0fb1-9a39-4d16-a4c9-8521e2180bcc,extrinsic
4f7a7960-ac26-41e4-b51f-8c04b861a600,extrinsic
ecac8927-872d-4a06-ab6a-b419d2503b76,intrinsic
c2307d08-de68-405e-a6e7-2b8d870c7b30,extrinsic
89f08eb6-ceac-444e-b424-df21ff378e96,no
0be62c49-1aff-4070-8287-43a2fca83aa6,extrinsic
25c5af2b-d996-45ef-9b2e-3f2883243e3f,no
2b526521-4265-416c-b68d-6f49b0f5bb24,intrinsic
ac080b2e-dfa0-497a-8c16-2535107e8910,extrinsic
e59f6889-7cc3-4cbc-adc5-8bc4b764cc90,no
fdda11e0-0d75-47bd-bd33-0c7217938fde,intrinsic
b14edef7-da64-4fb5-b01b-f99fd5b860ac,extrinsic
282391f3-3509-4e83-b58e-9e4972fbcd35,intrinsic
541efc85-d349-420e-9ac0-86deff0d88d3,no
1d1ec04b-222f-4044-b232-f8d5f4e8202a,no
f2a193dd-8b8b-4a67-8f8c-da80c7e3a6c9,no
a895a543-9d64-4833-b415-23985f43ce8e,extrinsic
db6a1507-1740-4eb0-ad82-e87e3193e486,extrinsic
de69af7a-65a0-4e01-a1c7-cfb5a4b83cf5,extrinsic
fa390425-c169-4ed3-a600-a7190076c2d4,no
0ff83eda-9a26-4b16-a8f3-dd863e365cab,extrinsic
87b0a1cf-daaa-4a52-9751-eeb214b4022d,no
fba6adb3-b23d-4da0-9d42-99182937ccc1,no
dff0d4ce-9ced-4e63-a1c6-7f417863125a,extrinsic
9a8d2dab-c8cc-4875-bb49-1ac5a94a454b,no
ecaf4320-298c-407d-a10d-445867f86553,intrinsic
04547ca9-728a-4f16-a1ed-2567d145b491,intrinsic
a2a0a021-fe88-4ac1-a2b2-47a4d57db3b3,no
5fc1c1db-b8e6-43f8-90c3-8e92f65f9b59,extrinsic
d19aacd7-e3b4-4aa5-85a7-a3f22c0caabd,intrinsic
23cd511f-4502-499f-830a-5f96ad3ee9b9,no
b9e3480e-6b83-4112-a10c-23d6ca038441,intrinsic
0cd2ed56-9e09-4245-ac0a-a99df3709122,intrinsic
42bf297e-00ac-4155-bd8f-40a1092f58a6,no
2d710aa4-8995-4e2d-b345-b766d2c8e93f,extrinsic
648e8d30-907f-4b23-9bb0-112229a4a34a,no
962b6ff5-fef9-4627-8174-3d96e0b1d431,extrinsic
201cbda7-3916-482f-a792-459e4ad73cef,intrinsic
3083c61d-20da-49ec-8432-73e3b54b0efd,extrinsic
1c346e7e-47b0-4f4b-9a4c-b9365cb691f2,extrinsic
da57a340-5198-4ff5-aacb-9a1e6416f703,extrinsic
b2412102-bf6e-4fa6-9152-3be71a3266b8,extrinsic
1eea55b4-67f0-4f4e-a2a3-46d095050245,intrinsic
3dd62f18-2021-4c66-b19e-13b9d167bbb6,no
7193f273-ccaa-4d63-93a4-071c86a9fbdd,no
dcdfe3cc-de56-417c-8eb8-9a97a4026fe0,no
4cec085c-e743-4f7f-adb4-eb1334b389ea,no
877f7a32-56a0-4abb-87cc-73e74065274b,intrinsic
3069b610-d74f-4125-bef2-dbe3682ae7f7,no
c8f7f356-12f5-4282-b38e-6a5a7c570171,extrinsic
391f5d39-a68b-4076-84f1-60512592120f,intrinsic
443d43c4-7a4d-43ea-a36a-7dfd237f26db,intrinsic
a521df87-f717-4d22-a53e-794e24d6ec29,extrinsic
75865a9d-4744-4ea4-9f85-8783ad4c2a6d,no
87dd1a4f-bac8-4281-8c92-0e9a359b06e2,extrinsic
08d532f8-2853-4c67-a5d0-8dd10364306d,intrinsic
2e55ce4b-d62c-4480-bb20-8d3fc5d61541,intrinsic
bc351041-baf1-4a6c-8f34-6ee997e9010b,no
b59cd784-a089-41fd-99cb-2951e9a3cbc5,no
8e2fa441-d1f3-4ce8-8fb0-e61e915df3e0,intrinsic
d3860a55-8a37-44c0-b51e-9f00692c4f7b,intrinsic
b8ed0e13-fc37-4116-b4df-9a88edda98ed,no
cb342d26-382f-4cc2-99b5-618a83c7857d,intrinsic
2ed3f5ca-7c4a-4c22-b54e-bbbe354a7aae,intrinsic
e6ec9e46-57d9-41e7-bf30-505d023a31ae,no
31662682-b87a-48da-ab75-e3a395013cb5,no
21742c92-815b-4066-8344-22dfc5120431,intrinsic
a9173056-63f4-4724-85d5-e4382e01a067,no
1ee43211-cd73-4f8d-92cd-4b972269387b,no
ad1a694f-499d-4922-b220-5422ab44a96b,no
9903ea31-46b2-49a1-a67b-4275cfe65415,no
06b3c043-30d9-43ee-9b25-2ee929a3868f,intrinsic
385f7c6f-375e-4242-a9b7-e1e797828cf3,no
61e454a9-d675-4ea3-9560-e2ef7f82b1f7,no
bbfebcaf-a782-48f4-a452-1f0874c65246,no
40ad3566-8adc-4d55-8642-dcdd9d612932,no
eeebaa2c-fa0c-4a15-86eb-915e42cbb38e,intrinsic
ed8dbd97-5643-4720-a20a-e6137c05e23d,extrinsic
989acadf-64aa-4eda-b5af-d53f76bbe83c,extrinsic
3afc44fe-760a-4ead-832e-dec0372f0a3e,intrinsic
d393b352-683a-4af8-97c4-34d0a52cf185,extrinsic
734471e6-6a89-43bc-b68f-3eaf90dcd72e,extrinsic
ac769ba2-64f2-4b86-9595-425b2072ab44,extrinsic
072c58c2-1f2f-4283-b0b7-704bcc1b030e,extrinsic
675091e1-7b87-4175-835d-27ebff078789,no
c3a9f173-d6e9-493b-a55c-62bc24ae148e,extrinsic
04fce7a7-c70d-4624-a943-cfebaad81f80,intrinsic
08667c0b-3878-4c55-83dc-f041d25ad91b,no
a451d39c-5d65-4546-9501-3f860fdd7fef,intrinsic
9b66b7af-095d-4de0-88eb-16c4d3477cad,no
7bf06d4a-b0f4-49c1-a376-cbc2af8df88f,extrinsic
1b7e781d-0705-44d1-959a-bf3262acee98,intrinsic
0fd8c25d-8a17-43aa-94cb-087f9bdc4732,no
f3a08fb8-6dc4-44f6-ba89-131006fab9df,no
f32970a8-dac1-4b77-8731-d1ae251cfdbf,no
4d43bb4e-2046-4012-b7f6-2741aca4983b,extrinsic
e3944679-b51c-4e14-b48c-792bca14c6ed,intrinsic
d4e99765-8914-4d49-b726-9c18c2871f54,intrinsic
781cef1f-2dc4-450b-a732-231fef228be4,no
7e9231a2-4068-45a6-a482-f807706febdd,no
7214b793-2ecc-474a-81a0-d889b2048e33,no
96d564fb-18e2-4064-ab5e-110d8dc019b6,extrinsic
33a1a38d-3ef4-476e-81cc-e10fdef72a00,no
8449c793-0196-4dce-801b-d59a8425c035,intrinsic
bef0d585-11b0-4f1c-a6e5-b983cdbb3efe,intrinsic
1d6b2e08-3959-4b61-a59d-f60b98f56eeb,extrinsic
c1e4f15a-82be-42ab-800b-dbd08cd7b46b,no
f6d2473b-75fd-4a38-9c0e-3b3dd8164d6e,intrinsic
3b9e72d7-05a9-4ec8-b4c6-06b133ec6ae0,intrinsic
a1c2ede8-8b8f-47ea-8db9-dd21d14364a9,extrinsic
ddb34bd9-d442-46eb-8f6a-1f39eab43ab8,extrinsic
94ee43af-b876-4b4c-8366-317c44147bf3,intrinsic
08af4839-15ac-4272-9dcf-b93a08868c0d,no
682b3a3f-c760-4d30-b639-77e8e982a700,intrinsic
ae851d62-70e8-40c6-8d67-644d1ab94377,no
07a8272d-6a70-4a11-b49a-3d154a8a7b17,no
c2437244-c369-47ac-ba67-48179c9631df,intrinsic
1695fe7d-c29e-4a2a-b905-bdbbaf857ca0,intrinsic
9c27540f-ec20-44fd-860b-fc2ce5c15293,no
6b204a50-97fa-4d71-96a9-4606c3673315,extrinsic
3219388c-905e-40e4-beaf-9943fffe4d10,no
eacf5dff-83a0-4639-85bd-78252569c332,no
f718008e-65b1-4fde-a0ca-e95edd4cc444,no
b197b27e-a6fb-4292-8122-aec4483f6162,intrinsic
dbcc3743-bf68-410a-864d-3a1a29838f7e,intrinsic
2ee48b0f-7364-4d9c-afb5-3ff673aa518c,no
bd224862-4fa9-40bd-a463-1f861bfb05bc,extrinsic
fca29a96-5152-49dd-a2d2-d72e4cf8a962,extrinsic
cf665fbe-324c-4b97-855f-b523590c8b82,intrinsic
69a11e8d-44dd-420c-9e03-b7a2f2a5aae3,intrinsic
fc730ee0-b6b0-4470-87e0-f8fc8374d26e,intrinsic
89ddfd1b-15b6-4f4e-b042-eb1429d8b15e,extrinsic
2462597e-9201-4788-b640-39934a100730,intrinsic
0fcb51ac-2743-4c29-b7af-d62f1f05201d,extrinsic
62702d52-e2a0-484d-bf4f-c366a8241546,intrinsic
9223194d-5837-4b77-b46c-7dfe42f0eb7a,extrinsic
5da4ab93-e03f-4592-a62a-25558ecc6c61,no
3ee544f0-8810-4825-9da3-0db46d6af6ad,extrinsic
e9ebb505-3f4e-4105-8f75-cb12f45d04df,intrinsic
3234c286-26a5-4fce-9eab-b75451e2a9b5,no
4b0cfce0-cc30-48bc-9645-bda8ca2c4dd6,extrinsic
0b0a210e-9d37-4505-a3ac-36961782bab0,intrinsic
50ab9a03-58c9-4531-a395-13727e4e2242,intrinsic
78e26fd6-4331-42a2-b2b5-fb979a28a93b,intrinsic
2118a63e-5d2c-4133-aa7d-0e566ce715f2,intrinsic
3eb4bf86-5c9c-4dc3-94de-32124d9ac838,intrinsic
fa09147b-8dff-4a22-9454-072349d7ea5c,intrinsic
c3756098-5f40-496b-b120-2c9f738097c4,no
fafc8e9f-9240-4bcf-8a31-0469a4f08fe0,extrinsic
47dcbd9d-88b1-464b-a050-cb96d23976c2,extrinsic
6a24a653-b274-4196-af10-e92515c558ce,extrinsic
fe87c91c-a142-405a-9512-698d809ab6fe,intrinsic
f462e22b-baea-4a09-a5c0-abba648b5c73,extrinsic
db0b80d4-0ff0-4712-bbd0-9639521b5652,intrinsic
9bce4fcd-a0f6-412f-9356-427abc5ce192,intrinsic
43ab37f0-d2a0-44f8-9a6a-bd55ef19a397,intrinsic
f0e48050-d2a8-4aff-98f3-67d7224e5353,extrinsic
1dcb2e5f-6351-43b7-ac95-991be4441591,intrinsic
43885120-3904-4373-91a3-46b75d67300f,extrinsic
4e5cedc1-4f1b-483a-8b77-dee01a3101a9,extrinsic
388a960c-84b8-4348-989f-f68ba9ef75c4,intrinsic
2b0054c7-ab6b-47de-bac2-1144f533438d,no
8192ede5-5863-4bd0-a4cd-0bade693f3da,extrinsic
00d36f54-de32-466f-97b5-08cf143b444c,intrinsic
febd0b66-c71b-4220-90f2-79fd7896ece2,extrinsic
b4567b7a-ea39-4e02-82d6-045d583dbfc0,extrinsic
0e640ce5-fe4d-40bb-b731-24c2a814ca02,no
8473082e-b62f-415f-9c07-01a524d78db8,no
f0ca5888-927b-4079-ae99-2833c247704d,no
6ae00802-0ee4-46ff-9bcd-ee835994b36a,no
33a23447-3497-4ce4-8355-9799f09ef4f5,no
b51b2f9e-eab6-412b-b74d-63f704c34a5d,intrinsic
3e34b402-216c-40d6-918a-4cce46eebe66,intrinsic
9a7c81b6-96b4-462c-b713-11278b2c89cf,intrinsic
b86f4aeb-c2f4-4e86-b509-7190701e51aa,intrinsic
35b3534a-d64f-4641-ae09-f6ec3291573b,intrinsic
ee90747c-f5b1-4fb9-bbac-e9d35f316a20,intrinsic
4367431d-d215-461f-87dd-b67847293297,intrinsic
68650a3b-683a-416e-a69f-3e2f48ca08fa,intrinsic
36ae9651-93c5-4358-a013-b047b01390a5,intrinsic
c3ce4d0b-a904-45df-9628-0e11e47a2edb,extrinsic
f90a23c2-9d3d-4263-9fa4-762b01c0cae6,extrinsic
1bcd501c-97b6-460d-a8b4-24a49ce7eaf1,no
1b768394-2873-4ffd-92f0-c39482926680,extrinsic
0b909bc4-5597-485b-834e-f0956068e6f1,extrinsic
20b76dd8-d40a-4bca-8015-e71126553eb5,intrinsic
966d4544-ec29-42c5-8acd-7d9b3821c545,extrinsic
adaf010f-a757-427e-b086-bd3b0599c3e2,intrinsic
ddb12e73-afa8-441a-afd8-4bf92f0d04ff,intrinsic
334ed7d1-1e40-4661-9e34-db5a906c6dda,extrinsic
fd9f459a-1c61-4067-bc17-e10cda527c39,intrinsic
f4699595-b6f7-4916-af70-82bc799bb720,extrinsic
ed5d3512-b4ec-4f11-be71-a3f3fc4a0416,intrinsic
aca5121f-9ee0-4b29-8dcc-3887011479b8,no
fa6403d8-102a-4562-8802-855cb966abaf,extrinsic
1251ffd1-2768-4225-9afe-bed2db457325,no
853f8948-af84-4058-bfb0-81bac22fe3eb,intrinsic
5e0e9600-0a83-4285-baf6-2dc1b1e294bb,intrinsic
0a5204da-d4f9-417a-930e-fc2ef876b376,no
b65eb355-7611-4946-a1ab-13831dc96dcd,extrinsic
abe4c70a-0331-4659-b094-834d5e5b112e,extrinsic
d797ffbf-71db-46eb-b009-e6155d52e74f,extrinsic
cf761fc1-d276-4328-aa43-d838c8470c6f,intrinsic
91ae39c4-f868-45de-97e4-26b512fe4042,no
364c7d43-62d0-41b6-81c4-1211d69adc40,no
d7c03c07-0d9b-4c2d-9e65-facc90c4b97b,no
761c700f-6aec-489e-acff-49efc8d84cbc,extrinsic
e4daea21-2685-49ab-bbe5-cbd4f786c3c1,no
9dc64517-277a-433b-a309-0d1b1c5a4d06,no
96fdc60b-4289-4813-90b5-1526a94ae96b,no
4c38cf19-db19-43a9-b90e-c71a38858598,extrinsic
53c18b56-5eb4-46a0-9413-d3136cae1be0,intrinsic
57c24992-cbda-4952-8f33-42a5a7d50bd8,intrinsic
55780277-871c-4efd-af18-c0998603b6d8,extrinsic
4883a0b9-57ab-4cc9-b631-31fe7758f1dc,intrinsic
96971ff9-a857-4663-a04f-7c2abf3d7fe4,intrinsic
d1953f27-cb8a-4a53-a146-84a373e49527,intrinsic
f807ef5a-3870-4405-bf33-fd52ab32d66d,extrinsic
ab8c2232-4061-4fd2-bccc-b17f858dde58,extrinsic
e97126ff-84cc-4178-bdde-f81d9aa09ddb,no
